Age,Annual_Income,Years_Experience,Family_Size,Education,Mortgage,Credit_Score,Credit_Card_Spending,Online_Banking,Fixed_Deposit,City_Tier,Loan_Approved
59,171867,34,3,Postgraduate,6263,714,39194,Yes,Yes,Tier-1,Yes
22,84735,0,2,Graduate,406999,776,85104,Yes,No,Tier-2,No
48,27747,21,3,Graduate,147065,806,43606,Yes,Yes,Tier-3,Yes
29,179969,4,2,Postgraduate,192666,763,82077,Yes,Yes,Tier-2,Yes
24,196829,0,2,Postgraduate,238615,714,93387,Yes,Yes,Tier-1,Yes
44,37185,23,4,Postgraduate,170564,540,40044,No,Yes,Tier-3,Yes
28,149375,1,3,Graduate,261670,760,5561,Yes,Yes,Tier-3,Yes
54,77256,27,5,Postgraduate,231332,713,26538,Yes,No,Tier-3,No
25,123806,0,3,Postgraduate,102163,678,52015,Yes,Yes,Tier-2,Yes
43,227982,18,3,Graduate,142696,512,64623,Yes,No,Tier-3,No
26,120259,2,4,Graduate,108710,847,23976,Yes,Yes,Tier-1,Yes
33,80016,10,3,Graduate,240094,664,99504,Yes,Yes,Tier-3,No
52,93840,28,1,Graduate,48477,794,91474,Yes,Yes,Tier-1,Yes
22,137859,0,5,Graduate,51301,625,89092,Yes,No,Tier-1,No
31,134751,8,1,Postgraduate,318335,697,91045,Yes,Yes,Tier-3,Yes
26,76663,1,3,Postgraduate,0,845,36754,No,Yes,Tier-1,Yes
60,96295,33,2,Postgraduate,290304,650,23918,No,Yes,Tier-2,No
22,187688,0,4,Postgraduate,254798,659,63434,Yes,Yes,Tier-2,Yes
40,31295,14,1,Postgraduate,177154,726,4557,No,No,Tier-1,No
22,27869,0,5,Graduate,251688,660,40467,Yes,Yes,Tier-2,No
27,111416,6,4,Postgraduate,0,657,81909,No,No,Tier-3,No
41,79045,20,4,Postgraduate,236446,816,76543,Yes,Yes,Tier-2,Yes
48,174661,23,5,Professional,222735,594,68235,No,Yes,Tier-1,Yes
23,51641,2,2,Professional,0,557,53885,Yes,No,Tier-3,No
47,35729,25,2,Postgraduate,279966,675,56748,Yes,No,Tier-1,No
27,245984,3,5,Graduate,276456,763,8655,Yes,Yes,Tier-3,No
54,234729,27,3,Graduate,0,813,98825,Yes,Yes,Tier-3,Yes
57,138632,32,4,Graduate,192876,504,89142,Yes,Yes,Tier-2,Yes
60,98523,35,2,Postgraduate,275762,818,81634,Yes,Yes,Tier-1,Yes
43,157222,22,4,Graduate,74571,557,96841,Yes,Yes,Tier-2,Yes
60,212628,35,1,Professional,195275,777,61638,Yes,No,Tier-1,Yes
49,217461,25,5,Graduate,348162,593,97981,No,Yes,Tier-1,Yes
41,119758,17,1,Graduate,99594,745,99379,Yes,No,Tier-2,No
21,66975,0,5,Graduate,166704,779,59679,Yes,Yes,Tier-2,Yes
44,215347,22,3,Postgraduate,405964,600,99856,No,No,Tier-1,No
51,28373,29,5,Graduate,0,534,29350,Yes,Yes,Tier-3,Yes
54,82458,33,4,Postgraduate,213532,716,62692,No,No,Tier-2,Yes
55,139352,32,4,Graduate,127932,595,61031,No,No,Tier-1,No
43,137856,20,1,Graduate,110883,716,52517,Yes,Yes,Tier-1,Yes
39,193011,18,4,Professional,540478,551,56098,Yes,Yes,Tier-1,Yes
41,143324,14,1,Graduate,188942,830,8801,No,No,Tier-3,No
58,26542,32,5,Graduate,351035,782,21065,Yes,No,Tier-1,No
21,239357,0,1,Professional,63786,681,28790,Yes,No,Tier-1,No
33,242841,9,2,Postgraduate,124386,816,27470,Yes,No,Tier-2,Yes
45,58591,24,5,Professional,176891,728,93362,Yes,Yes,Tier-1,Yes
35,77638,14,5,Postgraduate,151511,758,21087,Yes,No,Tier-3,Yes
58,150899,34,5,Graduate,131073,685,33921,Yes,No,Tier-1,No
37,194160,16,5,Postgraduate,0,719,99007,Yes,No,Tier-3,Yes
25,75990,4,2,Graduate,167046,504,3015,Yes,No,Tier-3,No
41,48833,14,1,Professional,274459,782,88704,No,No,Tier-2,Yes
26,37763,5,5,Professional,150629,552,12916,No,No,Tier-1,No
21,70106,0,5,Graduate,155637,787,94193,Yes,Yes,Tier-2,Yes
23,119074,1,4,Postgraduate,199645,754,21758,Yes,No,Tier-2,No
59,106317,35,2,Graduate,311050,597,75553,Yes,No,Tier-3,No
58,212872,31,4,Graduate,378708,784,41811,Yes,No,Tier-2,No
25,248777,0,5,Graduate,177312,625,38586,Yes,Yes,Tier-2,Yes
36,227846,13,4,Graduate,239684,694,35434,Yes,Yes,Tier-1,No
25,243577,1,2,Graduate,115116,825,18907,Yes,No,Tier-2,No
29,48321,8,1,Postgraduate,2873,547,54796,Yes,No,Tier-1,No
35,156374,8,2,Postgraduate,154999,577,46247,Yes,Yes,Tier-1,Yes
23,43030,0,3,Postgraduate,134649,726,36674,Yes,Yes,Tier-1,No
37,120462,11,2,Postgraduate,35335,524,5596,Yes,No,Tier-2,No
56,51069,34,1,Postgraduate,0,679,56553,Yes,Yes,Tier-2,Yes
53,141148,27,5,Graduate,13696,611,29139,No,Yes,Tier-3,Yes
29,169118,6,3,Graduate,170875,574,89886,No,Yes,Tier-1,Yes
22,25846,0,2,Graduate,258944,799,8469,No,No,Tier-1,No
32,152534,11,2,Postgraduate,151554,832,49362,Yes,Yes,Tier-1,No
22,141748,0,4,Graduate,44916,600,21216,Yes,No,Tier-2,No
51,131288,26,4,Professional,194537,636,67441,Yes,Yes,Tier-2,Yes
49,33007,26,1,Postgraduate,77521,815,90861,No,Yes,Tier-1,Yes
24,173056,0,2,Graduate,119985,513,41711,Yes,Yes,Tier-2,Yes
45,92728,24,2,Postgraduate,306126,603,94263,Yes,Yes,Tier-3,Yes
28,243559,4,5,Graduate,207549,656,12789,No,No,Tier-2,No
24,44029,2,2,Graduate,339963,829,45872,Yes,No,Tier-1,No
35,45103,10,5,Graduate,265662,594,41666,Yes,No,Tier-2,No
30,101325,4,2,Professional,266826,717,77916,Yes,Yes,Tier-1,Yes
32,195987,8,4,Postgraduate,77682,550,46327,No,No,Tier-1,Yes
46,157717,22,1,Graduate,306221,554,41282,Yes,No,Tier-1,No
46,38224,23,4,Postgraduate,122414,709,10666,Yes,No,Tier-1,No
44,92526,20,5,Professional,225376,676,39148,Yes,No,Tier-1,No
27,95480,3,1,Graduate,54106,688,64823,Yes,No,Tier-1,No
39,118501,13,5,Postgraduate,130255,785,74847,Yes,Yes,Tier-2,Yes
22,162717,0,1,Graduate,8696,763,14342,No,No,Tier-1,No
53,238046,29,2,Professional,174444,507,78534,Yes,Yes,Tier-2,Yes
57,97258,34,1,Postgraduate,253435,587,33821,Yes,No,Tier-3,No
41,111925,14,2,Graduate,224807,762,18032,Yes,Yes,Tier-1,No
38,164777,17,5,Graduate,65478,618,16596,Yes,No,Tier-1,No
55,145307,33,4,Graduate,0,701,50285,Yes,No,Tier-2,Yes
37,27573,16,2,Postgraduate,75257,734,53693,No,No,Tier-1,Yes
31,81133,9,5,Postgraduate,99822,540,33653,Yes,No,Tier-2,No
42,217468,19,1,Graduate,41210,736,49924,Yes,No,Tier-2,Yes
22,126371,0,3,Graduate,251333,680,13555,No,Yes,Tier-3,No
56,247320,33,3,Professional,212384,568,91399,Yes,Yes,Tier-1,Yes
37,146789,14,5,Graduate,135801,700,34921,Yes,Yes,Tier-1,Yes
60,80337,39,3,Postgraduate,225888,601,90929,Yes,Yes,Tier-3,Yes
37,205553,16,1,Graduate,266706,817,46623,No,No,Tier-3,Yes
36,83053,15,2,Graduate,201554,781,58276,Yes,Yes,Tier-1,Yes
28,239513,5,5,Graduate,174922,602,89312,Yes,No,Tier-2,No
23,159055,1,4,Postgraduate,171050,709,96223,Yes,No,Tier-2,Yes
54,150341,31,5,Postgraduate,316630,595,71346,Yes,Yes,Tier-1,Yes
36,110431,12,1,Postgraduate,0,564,34733,Yes,No,Tier-1,No
38,137573,13,1,Graduate,0,572,6494,Yes,No,Tier-1,No
57,193645,30,3,Professional,132097,848,83470,Yes,No,Tier-1,No
46,238928,25,2,Postgraduate,70870,761,83412,Yes,No,Tier-3,Yes
55,181497,29,1,Graduate,83733,619,35660,Yes,No,Tier-2,No
23,68642,0,5,Professional,225951,725,27931,Yes,Yes,Tier-3,Yes
54,50559,30,3,Postgraduate,49090,815,11903,Yes,Yes,Tier-3,Yes
52,140005,27,3,Postgraduate,149006,555,13303,Yes,No,Tier-1,No
39,44623,15,1,Graduate,94259,544,99624,No,Yes,Tier-2,No
25,73874,0,2,Graduate,35960,530,49638,Yes,No,Tier-1,No
38,174859,16,5,Postgraduate,172931,516,33966,Yes,Yes,Tier-3,Yes
39,203589,12,2,Graduate,155572,818,3435,Yes,No,Tier-1,No
52,201611,30,4,Graduate,106445,692,22953,Yes,No,Tier-3,No
32,102475,9,3,Postgraduate,170956,506,59372,Yes,Yes,Tier-2,Yes
43,200641,21,2,Professional,0,538,70878,No,No,Tier-1,Yes
34,77307,8,3,Graduate,0,836,46413,Yes,No,Tier-3,No
40,73901,17,1,Graduate,16009,514,78961,Yes,Yes,Tier-2,No
35,179091,12,4,Graduate,9438,644,38444,No,No,Tier-3,No
23,217860,0,5,Professional,346573,839,36531,Yes,Yes,Tier-1,Yes
22,79615,0,5,Graduate,330124,776,28589,Yes,No,Tier-2,No
45,89288,21,1,Graduate,33962,575,54269,Yes,No,Tier-2,No
30,230735,8,4,Graduate,144274,724,29424,No,Yes,Tier-3,Yes
59,133737,33,2,Postgraduate,81458,804,53047,Yes,No,Tier-1,Yes
59,150150,38,2,Professional,218709,827,28289,Yes,No,Tier-2,Yes
31,202235,7,2,Postgraduate,80435,687,97081,Yes,No,Tier-2,Yes
45,104148,22,2,Graduate,147107,737,54579,Yes,No,Tier-2,Yes
38,231789,16,3,Graduate,14660,534,47500,Yes,Yes,Tier-1,Yes
50,137340,23,2,Postgraduate,217713,792,80339,Yes,No,Tier-2,Yes
52,221200,28,2,Postgraduate,279441,761,47350,Yes,No,Tier-3,Yes
38,151503,13,1,Graduate,145378,507,28723,No,Yes,Tier-1,No
57,89324,31,5,Graduate,126007,513,72135,Yes,No,Tier-1,No
45,248224,21,2,Professional,48297,760,15760,No,Yes,Tier-3,Yes
31,208305,8,2,Graduate,43560,632,81530,No,Yes,Tier-1,Yes
57,207958,32,4,Graduate,200896,619,28155,Yes,No,Tier-2,No
40,176409,14,2,Graduate,1519,744,31856,Yes,Yes,Tier-1,Yes
44,221733,22,1,Postgraduate,225509,684,17398,Yes,No,Tier-2,No
40,64062,14,5,Graduate,157662,507,12225,Yes,No,Tier-1,No
42,73320,15,2,Graduate,164470,613,30625,Yes,No,Tier-2,Yes
28,193280,2,4,Postgraduate,226647,552,44287,Yes,Yes,Tier-2,Yes
26,30704,5,1,Professional,12839,768,29208,Yes,Yes,Tier-1,Yes
58,54165,34,3,Postgraduate,236575,838,19772,No,Yes,Tier-2,No
35,114152,11,2,Graduate,226247,815,33324,Yes,Yes,Tier-1,Yes
46,134834,23,2,Postgraduate,527036,827,37631,No,No,Tier-3,Yes
25,106889,0,4,Graduate,153963,542,93055,Yes,No,Tier-2,No
41,189246,18,5,Professional,162504,770,47379,No,No,Tier-1,Yes
47,198724,20,4,Postgraduate,142488,643,56691,Yes,No,Tier-3,Yes
50,139014,26,2,Postgraduate,80251,740,92025,Yes,No,Tier-2,Yes
21,177747,0,2,Graduate,42538,640,82758,Yes,No,Tier-2,No
35,106929,13,1,Postgraduate,116961,653,36084,Yes,No,Tier-3,No
45,90681,22,4,Graduate,240165,741,66174,Yes,No,Tier-2,No
42,102231,17,3,Postgraduate,0,577,59784,Yes,No,Tier-1,No
23,149457,0,5,Postgraduate,182130,740,57754,No,Yes,Tier-1,Yes
52,247374,27,4,Graduate,17906,695,74240,No,No,Tier-1,No
28,81549,6,3,Postgraduate,64644,557,76069,Yes,No,Tier-2,No
54,34686,28,4,Graduate,216999,832,50604,Yes,Yes,Tier-2,Yes
36,93619,15,4,Professional,159120,502,83437,Yes,No,Tier-1,No
60,218783,36,1,Postgraduate,428319,730,6895,Yes,No,Tier-2,Yes
34,172235,13,2,Graduate,197198,840,37585,No,No,Tier-1,Yes
43,43073,19,2,Postgraduate,149271,841,72971,No,Yes,Tier-3,Yes
38,112468,15,2,Professional,250618,633,54290,No,Yes,Tier-1,Yes
22,212226,0,3,Graduate,156064,524,76520,Yes,Yes,Tier-2,Yes
36,193757,10,5,Graduate,170459,524,73308,Yes,Yes,Tier-1,Yes
24,65108,0,4,Professional,0,833,30179,Yes,Yes,Tier-2,Yes
22,248894,0,3,Postgraduate,72416,765,57677,No,Yes,Tier-2,Yes
39,69936,16,5,Graduate,76391,579,25291,Yes,No,Tier-1,No
49,123723,25,2,Graduate,113703,615,59022,Yes,Yes,Tier-1,Yes
34,56174,9,5,Postgraduate,146413,718,8548,Yes,Yes,Tier-2,Yes
59,247084,38,5,Graduate,129082,741,58532,Yes,Yes,Tier-1,Yes
31,160870,6,4,Graduate,103248,581,23223,No,No,Tier-3,No
33,142360,12,1,Postgraduate,216459,628,66641,Yes,Yes,Tier-3,No
60,246972,36,3,Graduate,36153,578,75616,Yes,No,Tier-1,No
21,178686,0,5,Graduate,0,586,65530,Yes,No,Tier-1,Yes
40,113340,18,4,Graduate,231631,527,59906,Yes,Yes,Tier-2,No
30,67533,3,4,Professional,288937,635,37144,Yes,Yes,Tier-1,Yes
34,198672,13,1,Postgraduate,72777,757,61765,Yes,No,Tier-2,Yes
54,213938,32,1,Professional,261340,682,47000,Yes,No,Tier-2,Yes
42,233883,16,4,Graduate,175256,621,50758,No,Yes,Tier-2,Yes
41,40997,15,4,Graduate,130252,755,59941,No,Yes,Tier-2,Yes
22,89028,0,4,Postgraduate,153657,587,31739,Yes,No,Tier-2,No
39,106942,14,4,Postgraduate,0,627,31806,Yes,No,Tier-3,No
23,238440,0,3,Graduate,80337,509,36196,Yes,No,Tier-1,No
33,142235,9,2,Postgraduate,220629,553,37851,Yes,Yes,Tier-3,Yes
31,192823,8,3,Professional,51937,519,20313,No,No,Tier-1,No
60,144654,35,2,Postgraduate,0,759,63627,No,Yes,Tier-2,Yes
34,94122,9,2,Postgraduate,397380,661,18029,No,Yes,Tier-3,No
39,103229,14,4,Postgraduate,295003,616,45934,No,No,Tier-1,No
53,190009,26,4,Graduate,224120,812,35787,Yes,Yes,Tier-2,Yes
47,186326,21,4,Graduate,233789,636,5471,Yes,No,Tier-3,No
50,162469,24,5,Postgraduate,79990,819,24436,Yes,No,Tier-3,Yes
46,175787,20,2,Professional,0,779,70920,Yes,Yes,Tier-1,Yes
51,92155,30,4,Graduate,256359,835,95583,No,No,Tier-2,Yes
56,215135,33,4,Postgraduate,66880,520,49299,Yes,No,Tier-1,Yes
52,163999,29,4,Graduate,118991,653,4539,No,No,Tier-2,No
25,190593,0,1,Graduate,261206,844,64292,Yes,Yes,Tier-1,Yes
24,116006,2,1,Professional,272100,560,9521,Yes,No,Tier-2,No
54,75669,28,2,Graduate,469581,840,85457,Yes,Yes,Tier-1,Yes
59,118269,35,4,Graduate,0,776,14819,Yes,No,Tier-2,Yes
60,121468,33,4,Professional,145615,667,20489,No,No,Tier-2,No
23,199023,0,1,Graduate,87791,778,90664,Yes,Yes,Tier-2,Yes
32,86001,8,4,Postgraduate,294919,584,9239,No,No,Tier-3,No
40,110445,16,2,Graduate,109826,507,35380,Yes,No,Tier-1,No
39,158663,18,4,Postgraduate,101562,515,56400,Yes,No,Tier-2,Yes
24,58691,0,2,Graduate,292486,780,94051,No,Yes,Tier-2,Yes
49,205488,25,2,Graduate,460747,559,83835,No,No,Tier-2,No
44,71305,18,3,Professional,0,655,87751,Yes,No,Tier-2,No
38,227041,15,1,Graduate,169387,649,8416,No,No,Tier-3,No
40,183588,18,2,Graduate,206347,500,23447,Yes,Yes,Tier-1,No
58,137782,31,5,Graduate,29212,616,52100,Yes,No,Tier-3,No
55,75939,30,2,Postgraduate,104480,545,4597,Yes,No,Tier-1,No
34,47010,10,1,Graduate,13359,843,63709,No,Yes,Tier-3,Yes
23,177850,2,4,Graduate,256639,774,54142,Yes,Yes,Tier-1,No
37,74437,16,1,Graduate,86789,588,48733,Yes,Yes,Tier-1,No
24,188834,0,4,Professional,264036,619,72910,Yes,Yes,Tier-2,No
55,91314,29,2,Postgraduate,355273,648,52500,Yes,Yes,Tier-2,Yes
29,110436,8,4,Professional,15549,646,28649,Yes,Yes,Tier-3,No
49,103002,25,4,Graduate,136807,575,10770,Yes,No,Tier-2,No
21,188399,0,1,Graduate,162741,782,42583,Yes,No,Tier-2,Yes
55,98869,32,5,Graduate,93653,676,8796,Yes,No,Tier-1,No
40,121038,15,5,Postgraduate,0,732,52952,No,Yes,Tier-3,Yes
59,74334,38,5,Postgraduate,163803,646,23386,Yes,Yes,Tier-1,No
32,103279,7,5,Graduate,6217,589,57398,No,No,Tier-3,Yes
50,191892,23,1,Postgraduate,273506,837,48737,Yes,No,Tier-2,Yes
39,59542,15,4,Professional,0,540,63350,Yes,No,Tier-2,No
33,99637,11,3,Professional,42457,538,48619,Yes,No,Tier-2,No
23,162103,0,2,Graduate,0,820,50438,Yes,Yes,Tier-1,Yes
51,229054,30,4,Graduate,72531,606,38268,Yes,Yes,Tier-2,Yes
54,125127,31,3,Professional,133882,574,66047,Yes,No,Tier-1,Yes
44,201806,22,4,Graduate,247296,695,41332,No,Yes,Tier-1,No
38,27011,15,3,Graduate,202371,793,10767,Yes,No,Tier-1,No
21,173510,0,1,Graduate,309161,824,9069,Yes,No,Tier-3,No
47,32597,21,3,Graduate,118944,529,55161,No,Yes,Tier-3,No
43,179245,19,2,Postgraduate,341837,784,63516,Yes,Yes,Tier-1,Yes
42,135659,17,5,Graduate,0,808,7498,No,No,Tier-3,No
41,200021,14,4,Graduate,164799,638,2358,Yes,Yes,Tier-2,No
33,83478,11,3,Graduate,235239,837,76965,Yes,No,Tier-1,No
48,105388,27,5,Postgraduate,252613,646,77774,No,No,Tier-2,No
32,101021,7,3,Postgraduate,169362,545,31689,No,Yes,Tier-2,Yes
52,234477,25,2,Graduate,102624,574,30064,Yes,No,Tier-2,No
37,186458,12,3,Graduate,212534,759,43862,No,Yes,Tier-1,Yes
37,27384,16,1,Professional,227425,646,42510,No,No,Tier-2,No
51,115102,29,5,Graduate,159480,819,79949,Yes,No,Tier-1,No
50,242144,24,3,Professional,279545,763,86761,No,Yes,Tier-1,Yes
45,165836,24,5,Graduate,171669,534,77969,Yes,No,Tier-2,No
24,33605,0,3,Graduate,167428,758,43869,No,No,Tier-1,No
58,47031,36,1,Postgraduate,229109,687,48092,Yes,Yes,Tier-3,Yes
43,148853,17,3,Graduate,262508,730,30454,Yes,No,Tier-3,Yes
39,245472,18,1,Postgraduate,133586,553,27235,Yes,Yes,Tier-2,Yes
44,71101,18,4,Graduate,280780,763,73121,Yes,Yes,Tier-3,Yes
31,32016,7,1,Graduate,150024,653,52961,Yes,No,Tier-1,No
26,105811,5,5,Professional,148883,620,21008,Yes,No,Tier-3,No
38,138550,15,5,Graduate,222394,678,34441,Yes,No,Tier-3,No
30,96854,3,5,Postgraduate,129643,512,31796,No,No,Tier-3,No
50,227440,25,4,Postgraduate,97426,600,24005,No,No,Tier-2,No
38,131239,12,3,Graduate,166773,512,4257,Yes,No,Tier-2,No
58,143581,32,1,Postgraduate,230746,791,49377,Yes,No,Tier-1,Yes
21,99083,0,4,Graduate,130270,512,75016,No,No,Tier-2,No
30,218069,5,5,Professional,210394,637,84594,Yes,No,Tier-2,Yes
44,37828,21,1,Professional,247568,687,17193,Yes,Yes,Tier-2,No
60,233475,38,4,Graduate,121476,633,95574,Yes,Yes,Tier-2,Yes
32,71607,9,5,Postgraduate,173068,634,58547,No,Yes,Tier-3,Yes
45,53151,20,3,Graduate,137609,578,51067,Yes,No,Tier-3,No
52,99707,30,3,Professional,0,527,51429,Yes,Yes,Tier-1,Yes
46,138688,24,3,Postgraduate,189084,567,56254,Yes,No,Tier-3,Yes
58,189055,32,4,Postgraduate,105649,658,82360,Yes,No,Tier-3,Yes
31,60063,5,1,Professional,0,560,23625,Yes,Yes,Tier-1,No
38,221173,16,5,Graduate,172168,502,39853,No,No,Tier-3,No
37,228082,12,2,Professional,155755,638,43316,Yes,No,Tier-1,Yes
46,153389,22,4,Postgraduate,189821,558,30001,Yes,No,Tier-3,Yes
28,241204,6,4,Graduate,317096,686,95783,No,No,Tier-2,No
56,174092,32,4,Graduate,291033,670,26532,Yes,Yes,Tier-3,No
47,183485,22,3,Graduate,401966,509,70323,Yes,No,Tier-3,No
52,132096,27,1,Postgraduate,120356,616,5696,Yes,Yes,Tier-2,Yes
49,231803,24,3,Graduate,53523,692,89440,Yes,No,Tier-1,No
31,158943,8,5,Postgraduate,239530,781,68668,Yes,No,Tier-3,Yes
41,226165,17,2,Professional,0,540,44351,Yes,No,Tier-1,No
24,88353,0,3,Postgraduate,175637,694,93502,No,No,Tier-1,No
44,35775,22,4,Graduate,163136,747,90691,Yes,Yes,Tier-1,Yes
26,59148,5,2,Graduate,276303,602,87076,Yes,Yes,Tier-1,No
48,136435,22,3,Postgraduate,229957,842,53001,Yes,Yes,Tier-2,Yes
34,245344,8,3,Professional,205510,727,29127,No,No,Tier-1,Yes
51,220497,29,3,Graduate,0,509,29128,Yes,No,Tier-2,No
57,187917,36,1,Postgraduate,165971,550,79603,No,No,Tier-1,Yes
59,223522,33,1,Graduate,125409,668,86444,Yes,Yes,Tier-2,Yes
37,66520,13,5,Professional,141854,564,14112,Yes,Yes,Tier-2,No
38,66328,15,3,Postgraduate,142765,715,29962,Yes,No,Tier-2,No
21,64194,0,5,Professional,204575,646,37531,Yes,No,Tier-3,No
43,116649,17,3,Postgraduate,125382,613,26335,No,No,Tier-1,No
53,156184,29,5,Graduate,93550,782,18523,Yes,Yes,Tier-2,Yes
53,143639,32,3,Postgraduate,169769,583,5765,Yes,Yes,Tier-2,Yes
49,47931,24,2,Professional,145137,556,27991,Yes,No,Tier-1,No
25,87875,0,1,Postgraduate,72869,718,89728,Yes,Yes,Tier-1,Yes
36,128937,12,2,Postgraduate,354182,653,99718,Yes,Yes,Tier-3,Yes
40,220691,17,4,Graduate,395498,822,36510,Yes,No,Tier-2,Yes
56,79330,32,2,Professional,242524,564,4642,Yes,Yes,Tier-3,No
41,124575,15,4,Postgraduate,46252,800,44051,No,No,Tier-3,Yes
29,106132,3,2,Postgraduate,353446,761,75903,Yes,No,Tier-2,Yes
41,216758,17,5,Postgraduate,181662,540,77945,Yes,Yes,Tier-2,Yes
52,120667,25,1,Graduate,0,568,7039,No,No,Tier-2,No
53,111346,31,2,Professional,133914,818,16924,No,No,Tier-2,No
47,135317,24,2,Graduate,0,606,10024,Yes,No,Tier-3,No
38,168927,15,5,Graduate,189617,729,85961,Yes,No,Tier-1,Yes
38,180489,11,3,Postgraduate,257324,704,90835,Yes,No,Tier-2,No
48,224886,27,3,Graduate,0,537,15652,Yes,Yes,Tier-1,No
27,220522,2,4,Graduate,247584,568,4187,Yes,No,Tier-2,No
44,227904,19,5,Graduate,160307,794,13087,No,Yes,Tier-1,Yes
55,81358,29,1,Professional,0,586,78240,Yes,No,Tier-2,Yes
29,136900,2,5,Graduate,57957,611,56316,Yes,Yes,Tier-2,Yes
38,169989,12,1,Graduate,327321,625,32954,Yes,No,Tier-1,No
56,54345,35,2,Postgraduate,0,651,45370,Yes,No,Tier-2,No
30,33640,5,2,Graduate,82227,640,58053,Yes,Yes,Tier-3,No
49,62158,27,1,Graduate,253014,506,32009,Yes,No,Tier-1,No
45,148130,20,3,Postgraduate,121845,616,32698,Yes,Yes,Tier-1,Yes
21,146948,0,1,Graduate,281576,705,13676,Yes,No,Tier-3,No
50,59872,28,3,Graduate,74918,693,79535,Yes,No,Tier-1,No
35,181379,11,1,Professional,244384,834,51683,No,No,Tier-1,Yes
34,178407,11,4,Graduate,0,830,95305,Yes,No,Tier-1,Yes
29,39683,2,4,Graduate,0,813,36660,Yes,No,Tier-2,No
55,88972,32,4,Postgraduate,368356,570,37931,Yes,No,Tier-2,No
43,42374,20,5,Postgraduate,172876,561,58233,Yes,No,Tier-2,No
60,218594,39,5,Graduate,262957,593,78509,No,No,Tier-1,Yes
22,216665,0,3,Postgraduate,283000,561,30453,Yes,No,Tier-2,Yes
50,203860,26,5,Postgraduate,221613,768,68458,Yes,Yes,Tier-2,Yes
24,180103,0,4,Postgraduate,73024,756,5748,Yes,Yes,Tier-3,Yes
25,175331,0,2,Postgraduate,204601,716,4103,Yes,No,Tier-2,Yes
33,184973,11,2,Postgraduate,221038,537,37503,No,No,Tier-3,Yes
30,206698,5,3,Graduate,257401,642,62815,Yes,Yes,Tier-1,Yes
31,139589,4,4,Postgraduate,224648,682,98462,Yes,Yes,Tier-3,Yes
30,152314,9,4,Professional,309471,518,12922,Yes,Yes,Tier-2,Yes
43,112959,20,2,Graduate,0,550,24164,No,No,Tier-3,No
45,181685,22,3,Postgraduate,166940,654,48646,No,Yes,Tier-3,Yes
43,141136,20,1,Postgraduate,60901,563,74518,Yes,Yes,Tier-2,Yes
37,135684,11,2,Graduate,91763,611,14192,Yes,No,Tier-3,No
50,224298,26,2,Graduate,178958,729,55027,Yes,No,Tier-1,Yes
40,48559,15,2,Graduate,11878,627,53539,No,No,Tier-2,No
47,130686,20,1,Professional,184638,763,35998,No,Yes,Tier-1,No
32,103768,11,2,Professional,158973,510,50225,Yes,Yes,Tier-1,Yes
58,27775,36,4,Graduate,190041,795,92695,Yes,Yes,Tier-2,Yes
28,202244,2,4,Postgraduate,152465,527,17408,Yes,Yes,Tier-3,Yes
24,69254,2,2,Postgraduate,252128,689,12692,Yes,No,Tier-1,No
43,175592,16,2,Postgraduate,330068,605,43185,Yes,No,Tier-2,Yes
60,98616,33,2,Graduate,296862,836,88055,Yes,Yes,Tier-2,Yes
32,139091,6,3,Postgraduate,166418,748,22527,Yes,Yes,Tier-2,Yes
60,59700,35,1,Postgraduate,357493,687,3881,No,No,Tier-3,No
33,223303,10,4,Graduate,158913,630,31932,Yes,No,Tier-2,No
28,88293,7,3,Professional,113423,814,51500,No,Yes,Tier-2,Yes
41,232609,17,4,Graduate,238669,626,4985,No,No,Tier-2,No
53,94504,26,5,Graduate,249495,608,79485,Yes,No,Tier-2,No
57,247704,33,1,Postgraduate,146720,501,78533,Yes,No,Tier-3,Yes
49,189957,27,5,Postgraduate,3827,642,97432,Yes,No,Tier-1,Yes
50,78664,29,4,Professional,228420,500,76795,Yes,No,Tier-1,Yes
53,44692,27,1,Postgraduate,52248,820,98362,No,No,Tier-2,Yes
37,141192,15,5,Professional,84448,555,47397,Yes,Yes,Tier-3,Yes
55,38682,32,1,Graduate,295014,505,13410,Yes,Yes,Tier-2,No
24,69757,2,1,Graduate,354339,557,97500,Yes,No,Tier-2,No
39,243297,15,3,Graduate,252024,709,34551,Yes,No,Tier-3,Yes
58,200595,35,1,Graduate,95464,683,5358,Yes,No,Tier-2,No
44,80805,18,2,Professional,0,710,10002,Yes,Yes,Tier-3,Yes
55,217971,34,5,Graduate,252457,674,8305,No,No,Tier-2,No
21,182249,0,3,Graduate,296769,713,15780,Yes,No,Tier-1,No
35,50901,14,5,Postgraduate,118937,569,37440,Yes,Yes,Tier-1,Yes
41,169098,15,3,Graduate,229765,699,57798,Yes,No,Tier-1,Yes
57,45922,32,5,Graduate,160916,558,97745,Yes,Yes,Tier-2,No
32,29006,10,5,Postgraduate,190101,719,71497,No,Yes,Tier-2,Yes
54,195526,30,1,Postgraduate,131368,777,88567,No,No,Tier-1,Yes
41,30454,20,3,Graduate,288427,516,61993,Yes,No,Tier-1,No
55,228117,29,5,Postgraduate,87767,782,51420,Yes,Yes,Tier-3,Yes
42,154593,21,1,Postgraduate,128906,697,70154,Yes,No,Tier-2,Yes
33,216366,9,3,Postgraduate,198992,738,19387,Yes,No,Tier-1,Yes
60,71999,35,5,Graduate,94173,787,63381,Yes,No,Tier-1,No
24,82530,0,4,Graduate,115344,783,7313,Yes,Yes,Tier-2,No
29,28558,4,2,Professional,314449,785,77209,Yes,Yes,Tier-2,Yes
54,62034,28,5,Postgraduate,321534,849,59221,No,Yes,Tier-1,Yes
26,66247,4,2,Graduate,0,701,60579,Yes,No,Tier-2,No
37,196103,13,4,Graduate,193478,713,99783,No,No,Tier-2,Yes
31,183458,9,3,Professional,128613,517,82122,No,Yes,Tier-2,Yes
43,102853,22,4,Graduate,0,747,96702,No,No,Tier-1,No
45,182005,22,4,Graduate,145299,584,74084,No,Yes,Tier-1,Yes
22,72947,1,2,Professional,142493,830,92895,Yes,No,Tier-1,Yes
26,104211,3,2,Postgraduate,191326,629,6922,Yes,No,Tier-2,No
60,174515,35,3,Postgraduate,141075,752,84384,Yes,No,Tier-3,Yes
48,119837,23,4,Graduate,38146,570,54347,No,No,Tier-2,No
39,37748,17,5,Postgraduate,3357,526,25862,Yes,Yes,Tier-1,No
42,94855,20,5,Postgraduate,0,533,66140,Yes,No,Tier-1,No
56,201968,29,3,Graduate,261288,569,90302,No,Yes,Tier-2,Yes
25,50491,0,3,Graduate,6385,789,98844,No,Yes,Tier-3,Yes
50,102986,29,5,Professional,257243,838,28206,Yes,No,Tier-2,No
44,123064,18,5,Graduate,71005,840,28627,Yes,No,Tier-1,No
31,108291,10,4,Postgraduate,102908,698,23889,Yes,No,Tier-1,No
31,129940,8,4,Graduate,232040,724,35783,Yes,Yes,Tier-1,Yes
42,111483,20,3,Graduate,143346,835,45169,Yes,No,Tier-2,No
46,70256,24,1,Graduate,159105,820,83531,Yes,No,Tier-2,No
22,32452,0,4,Postgraduate,117276,839,69708,Yes,No,Tier-2,Yes
44,94517,22,2,Graduate,202956,521,82077,No,No,Tier-2,No
56,217659,34,3,Graduate,62021,622,11615,Yes,No,Tier-2,No
51,241781,25,4,Graduate,229850,698,87549,Yes,Yes,Tier-3,Yes
54,131244,29,3,Graduate,382946,603,58063,No,Yes,Tier-1,Yes
37,177027,14,5,Professional,223008,825,11726,Yes,No,Tier-2,Yes
45,55791,18,1,Graduate,481917,842,64047,Yes,No,Tier-2,No
46,93111,23,4,Postgraduate,82566,610,26704,Yes,No,Tier-2,No
53,72234,29,3,Postgraduate,271757,703,49315,Yes,No,Tier-3,Yes
58,163202,33,3,Graduate,400325,841,77986,Yes,No,Tier-2,Yes
43,81396,19,1,Graduate,28228,710,86719,Yes,No,Tier-2,No
46,71121,23,3,Graduate,386503,729,92025,Yes,No,Tier-2,No
27,176818,0,5,Professional,147663,653,3893,Yes,No,Tier-3,Yes
44,177271,23,5,Postgraduate,26835,617,30931,Yes,No,Tier-2,Yes
43,183124,16,2,Postgraduate,297600,812,6633,No,No,Tier-1,Yes
55,115909,31,1,Graduate,133639,716,2946,Yes,No,Tier-2,No
58,36350,37,2,Postgraduate,277247,836,30369,Yes,Yes,Tier-1,Yes
58,47490,34,1,Graduate,15870,631,76229,Yes,No,Tier-2,No
55,122799,30,3,Graduate,106955,743,73466,Yes,No,Tier-1,Yes
36,36618,9,3,Graduate,59241,803,7037,No,No,Tier-3,No
31,144873,7,4,Postgraduate,170706,517,2692,Yes,No,Tier-1,No
46,151700,20,4,Graduate,202317,594,9933,No,No,Tier-2,No
50,164418,23,1,Professional,0,831,28140,Yes,Yes,Tier-2,Yes
38,174762,11,3,Graduate,193710,594,98633,Yes,Yes,Tier-1,Yes
44,173929,20,2,Postgraduate,177175,684,46116,Yes,No,Tier-2,Yes
48,234074,21,1,Postgraduate,318047,829,79606,Yes,No,Tier-1,Yes
30,125699,5,3,Graduate,216506,610,38133,Yes,No,Tier-1,No
40,62038,16,3,Graduate,165182,832,62610,No,No,Tier-3,Yes
35,197870,9,2,Graduate,61853,612,16308,Yes,Yes,Tier-2,No
45,189145,21,1,Graduate,156271,778,16506,Yes,No,Tier-1,No
34,75971,12,3,Graduate,22727,591,20610,Yes,No,Tier-2,No
48,215944,24,1,Graduate,163246,779,34230,Yes,Yes,Tier-1,Yes
38,242033,11,5,Graduate,210890,818,72219,Yes,Yes,Tier-1,Yes
55,165262,30,2,Professional,90473,732,47760,Yes,No,Tier-1,Yes
38,211443,11,4,Graduate,221477,686,85232,No,No,Tier-3,Yes
46,30730,24,3,Graduate,274342,809,16997,Yes,No,Tier-1,No
42,127484,20,5,Professional,334256,564,32341,Yes,No,Tier-2,Yes
50,47092,27,2,Postgraduate,137588,846,23292,Yes,Yes,Tier-3,Yes
27,26073,3,3,Graduate,1313,636,71876,Yes,No,Tier-2,No
33,233048,6,4,Graduate,367141,524,63497,Yes,No,Tier-1,No
31,239669,9,3,Graduate,0,724,95847,Yes,No,Tier-1,Yes
55,150629,34,4,Graduate,23288,844,32607,Yes,No,Tier-2,Yes
29,198696,7,3,Graduate,148164,835,26299,No,No,Tier-2,No
41,227361,15,1,Graduate,0,587,61123,Yes,No,Tier-1,No
29,96833,5,1,Graduate,161294,598,8008,No,No,Tier-2,No
22,192516,0,4,Professional,33194,507,2066,Yes,Yes,Tier-3,Yes
55,134028,30,2,Professional,270856,640,18932,Yes,No,Tier-2,No
43,67598,16,5,Professional,270525,722,24616,Yes,Yes,Tier-1,Yes
45,28084,23,4,Graduate,65935,569,79506,Yes,No,Tier-2,No
39,137341,16,4,Graduate,221572,715,70968,Yes,No,Tier-3,Yes
39,145419,12,3,Postgraduate,73885,643,89029,Yes,Yes,Tier-1,Yes
37,184422,12,5,Professional,65921,505,67431,Yes,No,Tier-1,No
44,101106,22,3,Graduate,255917,783,15386,No,Yes,Tier-3,No
59,160994,36,4,Graduate,225746,608,4716,Yes,No,Tier-1,No
60,75906,34,4,Graduate,220743,622,72474,Yes,No,Tier-2,No
37,118922,12,3,Postgraduate,296183,594,32480,Yes,Yes,Tier-2,Yes
35,247789,12,2,Postgraduate,276884,763,55634,Yes,No,Tier-1,Yes
52,247463,26,4,Postgraduate,142689,735,28957,Yes,No,Tier-2,Yes
51,28775,26,1,Graduate,176577,846,16645,Yes,No,Tier-3,No
40,76796,15,5,Postgraduate,48900,835,53702,No,No,Tier-1,Yes
59,74112,34,5,Professional,198382,515,49922,Yes,Yes,Tier-2,Yes
29,246034,5,2,Graduate,188601,596,2215,Yes,Yes,Tier-1,No
53,150211,31,1,Postgraduate,170167,687,30229,Yes,Yes,Tier-2,Yes
33,233311,11,5,Postgraduate,265284,578,90721,No,Yes,Tier-2,Yes
23,125422,1,2,Postgraduate,218245,569,39333,No,No,Tier-1,Yes
49,77116,27,1,Graduate,0,678,87119,No,Yes,Tier-3,No
44,231207,17,3,Graduate,87943,684,43910,Yes,No,Tier-2,No
49,214938,28,2,Graduate,23240,706,85053,No,No,Tier-1,Yes
54,49354,32,5,Graduate,22979,840,62892,Yes,Yes,Tier-2,Yes
36,230291,13,5,Graduate,111358,599,51737,Yes,Yes,Tier-3,Yes
27,223763,0,2,Graduate,121080,705,80863,Yes,No,Tier-1,Yes
57,232499,31,1,Postgraduate,169608,697,32930,Yes,No,Tier-1,Yes
27,107987,4,2,Postgraduate,6525,535,78396,No,Yes,Tier-2,Yes
53,128247,26,5,Graduate,8859,533,65656,Yes,No,Tier-3,No
27,74768,6,5,Graduate,208507,723,37333,Yes,Yes,Tier-2,Yes
37,167432,15,3,Graduate,267466,555,20984,Yes,No,Tier-2,No
22,242726,0,2,Professional,0,770,22056,Yes,Yes,Tier-2,Yes
30,52160,5,3,Graduate,175787,619,33376,Yes,No,Tier-1,No
44,28720,20,1,Graduate,0,805,53567,Yes,No,Tier-1,No
49,188991,27,5,Professional,38692,544,80929,Yes,No,Tier-1,No
40,98591,13,3,Graduate,278313,704,58398,Yes,Yes,Tier-3,Yes
46,38016,24,2,Graduate,283014,630,65456,No,No,Tier-2,No
23,194834,2,2,Graduate,200171,807,59204,Yes,Yes,Tier-2,No
21,40896,0,2,Postgraduate,421059,647,81183,Yes,Yes,Tier-1,Yes
53,78785,32,5,Graduate,68603,567,30412,Yes,No,Tier-3,No
46,132051,25,5,Postgraduate,287137,648,74603,Yes,Yes,Tier-1,Yes
33,203966,12,4,Postgraduate,298603,775,6994,Yes,No,Tier-3,Yes
39,142409,15,5,Postgraduate,0,517,22659,No,No,Tier-1,No
39,190637,15,3,Professional,148638,803,62038,No,Yes,Tier-2,Yes
43,116828,18,1,Postgraduate,80322,827,68708,No,No,Tier-3,Yes
34,49054,8,2,Professional,76633,618,5240,No,Yes,Tier-2,No
21,130227,0,4,Graduate,273968,620,5203,Yes,Yes,Tier-1,No
26,54063,1,3,Graduate,271421,639,41752,Yes,Yes,Tier-1,No
41,165399,17,5,Graduate,289814,741,91044,No,Yes,Tier-1,Yes
43,187696,22,2,Postgraduate,152625,745,9868,Yes,Yes,Tier-3,No
37,218586,15,3,Graduate,152162,840,40968,Yes,No,Tier-2,No
52,133491,30,3,Graduate,206715,679,16249,Yes,No,Tier-1,Yes
60,66302,35,1,Postgraduate,87496,725,59939,Yes,No,Tier-2,Yes
44,162799,19,4,Graduate,0,842,43136,No,No,Tier-3,Yes
60,237803,38,3,Postgraduate,39857,750,89759,Yes,No,Tier-1,Yes
25,233281,0,5,Graduate,72538,758,70199,Yes,No,Tier-1,No
48,244729,23,5,Postgraduate,178238,781,54311,Yes,Yes,Tier-2,Yes
35,93580,10,5,Graduate,85187,807,4892,Yes,Yes,Tier-3,No
27,128463,3,3,Graduate,218640,564,97107,Yes,No,Tier-1,No
47,198542,22,3,Graduate,65432,688,72247,Yes,Yes,Tier-1,Yes
57,246439,36,4,Postgraduate,354534,783,29959,Yes,No,Tier-1,Yes
34,228850,12,4,Postgraduate,2601,570,13831,Yes,No,Tier-3,Yes
35,113741,8,5,Graduate,61056,503,17198,Yes,No,Tier-3,No
56,143884,33,1,Professional,72686,645,7629,Yes,Yes,Tier-2,Yes
35,52675,13,4,Graduate,44104,717,59104,Yes,Yes,Tier-2,Yes
59,152536,33,4,Postgraduate,0,823,20646,Yes,No,Tier-2,No
51,134934,28,3,Postgraduate,180746,579,98952,No,No,Tier-2,Yes
50,159563,27,1,Graduate,208012,741,40523,Yes,No,Tier-2,Yes
51,65633,24,5,Graduate,84676,644,70593,No,No,Tier-2,No
56,58635,32,4,Professional,261760,799,17366,Yes,Yes,Tier-1,Yes
30,44423,8,1,Graduate,138133,627,21122,Yes,Yes,Tier-3,No
50,242136,29,1,Postgraduate,267081,684,54797,Yes,No,Tier-2,No
56,220889,35,5,Postgraduate,130810,791,83515,Yes,No,Tier-3,Yes
41,143910,15,4,Graduate,262380,681,43115,Yes,No,Tier-1,No
39,26407,18,1,Postgraduate,102199,539,46354,Yes,No,Tier-1,Yes
54,49502,27,3,Graduate,292244,586,84768,Yes,No,Tier-2,No
40,181688,17,2,Graduate,281033,745,53962,Yes,No,Tier-1,No
45,221292,19,4,Postgraduate,258412,784,53012,Yes,No,Tier-2,Yes
44,249970,21,1,Professional,142515,713,62186,Yes,No,Tier-1,Yes
21,174001,0,3,Graduate,128680,602,70475,Yes,No,Tier-1,No
59,121176,34,2,Professional,345788,826,23411,Yes,No,Tier-1,Yes
28,235098,5,2,Graduate,224633,719,76755,No,Yes,Tier-3,Yes
34,132669,7,4,Graduate,199515,850,98395,No,No,Tier-1,Yes
59,203833,37,2,Postgraduate,77711,607,16457,No,No,Tier-1,No
59,90185,33,2,Postgraduate,51085,543,85021,No,No,Tier-1,No
42,36826,19,5,Graduate,231991,675,77020,Yes,Yes,Tier-1,No
26,82042,1,2,Graduate,12950,503,18535,No,No,Tier-1,Yes
55,67462,31,1,Postgraduate,153471,823,92925,No,No,Tier-2,Yes
55,76024,34,2,Graduate,0,670,96202,No,Yes,Tier-3,No
32,148607,7,4,Professional,40063,512,12024,Yes,No,Tier-2,No
60,159479,35,3,Graduate,253286,826,28505,Yes,No,Tier-1,No
27,124397,6,4,Graduate,0,698,52726,No,No,Tier-2,No
26,206413,4,4,Graduate,274215,664,26624,Yes,No,Tier-2,Yes
58,34589,33,5,Graduate,203467,819,78425,Yes,No,Tier-3,No
36,42205,10,3,Graduate,397589,814,89876,Yes,No,Tier-3,No
47,61701,25,5,Graduate,185886,627,67030,Yes,Yes,Tier-1,No
54,61404,27,2,Postgraduate,235887,681,39500,Yes,No,Tier-2,No
49,60187,26,1,Professional,164337,702,66922,Yes,No,Tier-1,No
56,29042,29,2,Professional,505573,602,63720,No,No,Tier-1,No
30,230380,9,2,Graduate,279078,729,50542,Yes,Yes,Tier-2,No
26,83032,3,2,Postgraduate,218816,845,91317,Yes,Yes,Tier-1,Yes
36,34472,11,3,Professional,237388,850,68060,Yes,No,Tier-1,Yes
58,36353,36,3,Graduate,128384,596,14916,Yes,Yes,Tier-1,No
41,132967,17,2,Postgraduate,213889,748,51756,Yes,Yes,Tier-2,Yes
36,233675,12,5,Graduate,164885,731,99372,Yes,Yes,Tier-2,Yes
53,204704,32,1,Postgraduate,74893,715,28572,Yes,No,Tier-2,Yes
43,247428,18,2,Graduate,45689,801,78312,No,No,Tier-1,Yes
45,103972,22,5,Graduate,108844,552,92937,Yes,No,Tier-1,No
59,242623,35,1,Graduate,92897,736,87469,Yes,No,Tier-2,Yes
46,215912,19,2,Postgraduate,141683,527,51103,Yes,No,Tier-1,Yes
35,105632,13,3,Postgraduate,255790,824,66994,Yes,Yes,Tier-3,Yes
43,138606,20,3,Graduate,148305,548,13801,Yes,No,Tier-1,No
52,43051,28,2,Postgraduate,161144,687,40967,Yes,No,Tier-1,No
36,157921,13,1,Graduate,0,806,46565,Yes,No,Tier-3,Yes
24,133835,0,5,Graduate,111565,565,3044,Yes,Yes,Tier-1,No
46,26620,25,4,Postgraduate,42412,572,41390,No,Yes,Tier-2,Yes
53,46602,31,2,Graduate,128172,710,48202,No,No,Tier-2,No
32,55562,7,1,Graduate,166582,531,70681,No,No,Tier-1,No
56,127499,34,1,Graduate,0,669,65644,Yes,Yes,Tier-2,Yes
59,222327,36,3,Graduate,19179,561,47929,Yes,Yes,Tier-3,Yes
45,89824,19,5,Graduate,176668,792,39383,Yes,No,Tier-1,No
29,165319,8,3,Graduate,159331,703,93164,No,No,Tier-1,Yes
23,217941,0,1,Postgraduate,198520,530,83899,No,Yes,Tier-1,Yes
30,25767,7,1,Postgraduate,40524,785,78870,Yes,No,Tier-1,No
44,210541,21,4,Postgraduate,124084,510,61238,No,Yes,Tier-2,No
42,217180,19,2,Graduate,262497,529,11479,No,No,Tier-1,No
39,177324,16,3,Graduate,156703,689,33826,Yes,Yes,Tier-2,Yes
39,234124,16,1,Graduate,112842,778,95721,Yes,No,Tier-2,No
46,184876,20,5,Graduate,71604,517,11969,Yes,No,Tier-2,No
21,217385,0,2,Graduate,157230,715,88673,Yes,No,Tier-1,Yes
49,175713,23,2,Postgraduate,234412,650,97335,Yes,No,Tier-2,Yes
29,90614,5,2,Professional,408591,725,15362,No,Yes,Tier-1,No
26,248990,5,3,Graduate,0,593,48531,No,No,Tier-2,No
33,36560,11,5,Graduate,237792,523,70706,Yes,No,Tier-3,No
35,70406,13,1,Graduate,0,714,97041,Yes,No,Tier-1,No
34,102567,13,1,Graduate,324,845,30561,Yes,No,Tier-3,No
26,150942,2,4,Graduate,295193,743,15186,No,No,Tier-1,No
50,133612,29,5,Professional,282274,598,31680,Yes,No,Tier-1,Yes
48,164195,21,3,Graduate,154515,726,58321,Yes,No,Tier-1,Yes
49,120251,22,5,Graduate,117179,524,70993,No,Yes,Tier-1,Yes
21,124122,0,5,Graduate,59726,790,95789,Yes,No,Tier-1,Yes
23,237859,0,4,Postgraduate,173376,603,37031,Yes,No,Tier-1,Yes
59,112640,33,4,Graduate,85829,576,62091,Yes,No,Tier-1,No
42,237175,21,2,Professional,185396,804,22625,No,No,Tier-1,Yes
46,156025,21,5,Graduate,313281,778,29626,No,No,Tier-1,No
59,128863,34,2,Graduate,153186,737,58096,No,No,Tier-1,Yes
37,231354,14,3,Postgraduate,460056,829,64665,No,Yes,Tier-2,Yes
50,110374,29,3,Postgraduate,299855,511,4850,Yes,No,Tier-1,No
26,29055,3,4,Postgraduate,176922,758,94115,No,Yes,Tier-2,Yes
54,249174,27,5,Professional,80511,681,5782,Yes,No,Tier-1,No
52,205109,28,2,Graduate,231625,837,95220,Yes,No,Tier-3,Yes
42,118650,16,5,Graduate,126138,734,44942,No,No,Tier-2,No
39,107315,12,3,Graduate,179734,629,55331,Yes,No,Tier-3,No
46,68890,23,4,Graduate,342155,622,95831,No,No,Tier-1,No
30,156042,9,3,Graduate,33271,577,58247,Yes,Yes,Tier-2,Yes
39,29655,13,5,Graduate,211703,805,19558,Yes,Yes,Tier-2,No
55,102924,30,2,Graduate,0,836,61946,Yes,No,Tier-1,No
32,156841,5,5,Graduate,111651,634,20653,No,Yes,Tier-3,No
44,52909,21,2,Graduate,147428,667,52222,Yes,No,Tier-1,No
32,95968,9,4,Postgraduate,146591,698,61274,Yes,Yes,Tier-3,Yes
38,32373,16,4,Graduate,22293,599,57556,Yes,Yes,Tier-2,No
46,210784,21,2,Graduate,148818,591,57206,Yes,Yes,Tier-2,Yes
24,161681,2,4,Graduate,249253,822,15163,Yes,No,Tier-3,No
31,230671,8,5,Graduate,168956,789,4105,Yes,No,Tier-1,No
45,104731,19,4,Postgraduate,111253,526,65079,Yes,No,Tier-1,No
34,62792,12,3,Professional,221339,758,15777,No,No,Tier-3,No
60,186771,35,3,Graduate,414663,682,89908,Yes,No,Tier-3,No
39,176007,16,1,Postgraduate,293920,788,59853,Yes,No,Tier-2,Yes
54,143920,27,3,Professional,20762,689,26502,Yes,No,Tier-1,No
59,184978,36,1,Graduate,274306,635,54021,Yes,Yes,Tier-1,Yes
37,159304,10,4,Postgraduate,16733,612,35172,Yes,Yes,Tier-2,Yes
33,172520,9,1,Graduate,0,509,2968,No,No,Tier-2,Yes
45,103858,19,4,Postgraduate,246964,555,82771,No,No,Tier-1,No
58,191742,34,4,Graduate,48232,521,36268,No,No,Tier-2,Yes
32,212398,9,2,Graduate,220584,832,56646,Yes,No,Tier-1,Yes
49,99353,25,4,Graduate,141856,722,19127,Yes,No,Tier-2,No
28,32903,2,3,Postgraduate,223410,728,73545,No,No,Tier-2,No
55,154070,28,3,Professional,346565,666,54772,No,No,Tier-2,Yes
53,203157,32,2,Graduate,288663,635,91494,No,No,Tier-2,No
40,80823,19,3,Postgraduate,174407,665,28149,Yes,No,Tier-1,No
32,45982,11,1,Graduate,182282,602,10593,No,Yes,Tier-3,No
54,51853,28,1,Graduate,195315,709,38495,No,Yes,Tier-2,Yes
30,212063,9,4,Graduate,335497,778,70921,Yes,No,Tier-1,No
40,93274,14,5,Postgraduate,281823,830,3909,Yes,Yes,Tier-2,Yes
27,91425,6,1,Postgraduate,238525,612,3067,Yes,No,Tier-3,No
38,199124,14,3,Graduate,21129,814,20608,No,No,Tier-3,No
54,218507,29,1,Graduate,21157,774,88338,Yes,No,Tier-1,Yes
28,73367,6,4,Graduate,159729,794,44495,Yes,No,Tier-1,No
21,37336,0,5,Graduate,119085,626,64672,No,No,Tier-3,No
29,236979,6,4,Postgraduate,141643,640,40889,No,Yes,Tier-3,No
31,32869,6,2,Graduate,353087,695,28442,Yes,No,Tier-2,No
41,183635,17,3,Graduate,181747,576,8372,Yes,No,Tier-3,Yes
27,225658,1,3,Professional,423099,685,19733,No,No,Tier-1,No
45,77960,18,1,Postgraduate,47733,517,50137,Yes,Yes,Tier-2,Yes
23,109433,2,3,Postgraduate,178121,652,59857,Yes,Yes,Tier-1,Yes
33,235404,6,1,Postgraduate,264531,666,24995,Yes,Yes,Tier-2,Yes
36,70687,12,5,Graduate,269010,565,3102,No,No,Tier-2,No
33,89800,8,2,Graduate,171488,833,91922,Yes,No,Tier-2,No
34,68019,10,4,Professional,270015,556,26406,Yes,No,Tier-2,No
26,39691,2,3,Graduate,442469,654,28872,Yes,Yes,Tier-1,No
44,118848,19,2,Graduate,179069,745,15026,Yes,No,Tier-1,No
31,88755,9,2,Postgraduate,0,638,40179,Yes,No,Tier-2,No
44,51751,17,5,Graduate,339775,758,97018,Yes,No,Tier-1,No
48,95793,22,1,Professional,112840,570,23390,No,Yes,Tier-1,No
54,163905,27,2,Postgraduate,0,712,99427,No,Yes,Tier-1,Yes
40,36345,19,1,Postgraduate,251818,791,46484,Yes,No,Tier-2,Yes
33,142399,7,2,Graduate,218922,574,27762,Yes,No,Tier-1,No
48,124612,25,3,Graduate,106167,686,33629,Yes,Yes,Tier-1,Yes
46,209704,21,2,Graduate,280937,628,90648,Yes,Yes,Tier-1,Yes
29,123408,3,2,Postgraduate,115111,798,21622,Yes,Yes,Tier-2,Yes
25,242984,2,5,Professional,317963,827,43916,Yes,No,Tier-2,No
30,198559,6,5,Postgraduate,193997,588,68961,No,No,Tier-1,Yes
29,81866,8,5,Postgraduate,129387,610,18142,No,No,Tier-1,No
43,161262,16,4,Graduate,269164,604,30549,Yes,No,Tier-1,No
26,229580,0,2,Postgraduate,202209,653,44531,Yes,No,Tier-2,Yes
36,91354,10,2,Graduate,113343,626,97057,Yes,Yes,Tier-2,No
35,101675,11,5,Graduate,173286,730,94476,Yes,Yes,Tier-1,Yes
35,123843,8,5,Graduate,281090,638,57612,Yes,No,Tier-2,No
41,119924,18,2,Postgraduate,136621,792,5203,Yes,No,Tier-2,No
32,25801,9,2,Professional,323016,825,11969,No,Yes,Tier-1,Yes
28,136023,6,5,Graduate,205587,824,21569,Yes,Yes,Tier-2,Yes
40,91324,18,1,Postgraduate,127414,653,77677,No,Yes,Tier-2,Yes
26,106741,2,2,Graduate,335758,678,99008,Yes,No,Tier-2,No
31,194087,4,2,Graduate,38538,844,14818,No,Yes,Tier-1,Yes
45,131305,23,1,Professional,47815,584,20847,Yes,No,Tier-2,No
52,175453,30,4,Graduate,150752,692,69560,Yes,No,Tier-3,Yes
34,126925,10,5,Postgraduate,404522,668,16274,Yes,No,Tier-2,No
51,51425,29,2,Graduate,122615,780,46990,Yes,No,Tier-2,No
42,120696,18,1,Postgraduate,244801,664,90031,Yes,Yes,Tier-1,Yes
28,130475,5,4,Postgraduate,121131,546,67629,No,Yes,Tier-1,Yes
24,244786,0,5,Graduate,310563,755,30261,Yes,No,Tier-1,No
33,167412,11,4,Postgraduate,270909,765,77133,Yes,No,Tier-3,Yes
40,32310,19,1,Professional,204434,802,47679,No,Yes,Tier-3,Yes
32,152571,6,3,Postgraduate,58889,562,35725,No,No,Tier-1,Yes
35,46329,8,4,Graduate,100677,817,89502,Yes,Yes,Tier-2,No
31,244292,4,1,Graduate,272594,587,48930,Yes,No,Tier-3,No
54,204000,27,5,Graduate,3697,675,22460,No,Yes,Tier-1,No
34,202443,12,1,Graduate,137491,509,38912,No,Yes,Tier-2,Yes
25,217070,2,1,Graduate,270015,575,87149,Yes,Yes,Tier-3,Yes
22,114110,0,3,Professional,95013,508,67548,Yes,No,Tier-2,No
21,200505,0,3,Postgraduate,130749,799,36413,Yes,Yes,Tier-1,Yes
56,127547,30,1,Graduate,450108,639,59745,No,Yes,Tier-3,Yes
41,161984,18,1,Graduate,129284,615,15663,Yes,Yes,Tier-2,No
25,50192,2,3,Graduate,226641,617,87597,Yes,No,Tier-1,No
45,75575,18,2,Graduate,389242,610,23686,Yes,No,Tier-1,No
43,208623,19,4,Professional,36601,592,36112,Yes,No,Tier-3,Yes
59,188030,35,5,Graduate,292337,514,53977,Yes,Yes,Tier-3,Yes
37,104198,13,2,Postgraduate,334838,753,21420,Yes,Yes,Tier-3,No
34,195923,7,2,Graduate,132348,604,9689,No,No,Tier-2,No
35,47228,11,5,Professional,0,823,85694,Yes,No,Tier-2,Yes
60,194771,34,3,Graduate,56815,556,58893,Yes,No,Tier-3,No
50,80654,23,2,Professional,146093,764,81646,Yes,Yes,Tier-3,Yes
51,221787,29,1,Postgraduate,56088,787,66947,Yes,Yes,Tier-1,Yes
35,52213,12,3,Graduate,234843,743,25396,Yes,Yes,Tier-3,No
29,27015,6,5,Professional,0,843,55260,No,Yes,Tier-3,Yes
44,211905,19,4,Postgraduate,114539,581,80315,Yes,Yes,Tier-3,Yes
49,128107,27,1,Professional,0,697,27287,Yes,No,Tier-2,No
59,105770,32,4,Graduate,310066,806,92382,No,No,Tier-1,No
30,178189,4,1,Professional,80807,698,71918,Yes,No,Tier-3,Yes
60,68013,34,1,Postgraduate,61444,702,49928,Yes,Yes,Tier-2,Yes
33,173362,9,5,Professional,224512,733,9939,Yes,Yes,Tier-2,No
59,234019,37,1,Professional,99111,655,69643,Yes,No,Tier-1,Yes
22,157631,0,4,Postgraduate,252808,781,24391,Yes,No,Tier-3,Yes
31,218609,8,1,Graduate,197765,610,80553,Yes,No,Tier-1,No
26,176756,0,5,Graduate,111587,824,80627,Yes,Yes,Tier-1,No
37,40261,12,4,Postgraduate,0,564,34544,Yes,Yes,Tier-1,Yes
50,218080,29,1,Professional,208821,588,58768,Yes,Yes,Tier-3,Yes
49,193369,27,1,Graduate,240587,560,77312,Yes,No,Tier-3,No
24,238968,2,5,Professional,0,746,76519,No,Yes,Tier-2,Yes
44,140400,18,4,Postgraduate,180903,588,97707,Yes,Yes,Tier-1,Yes
51,247426,27,1,Graduate,304747,618,18766,Yes,Yes,Tier-1,No
47,182220,21,1,Graduate,154262,835,92068,Yes,No,Tier-3,Yes
42,55782,18,1,Postgraduate,1584,667,35957,Yes,No,Tier-2,No
22,150291,0,2,Graduate,96594,836,17831,Yes,No,Tier-2,No
60,246013,38,5,Postgraduate,16221,788,11677,No,Yes,Tier-2,Yes
34,106371,9,3,Postgraduate,293629,836,63562,Yes,No,Tier-1,Yes
32,111038,6,5,Postgraduate,8670,715,58888,Yes,No,Tier-2,Yes
41,147834,16,4,Postgraduate,581936,566,67532,Yes,Yes,Tier-2,Yes
24,39260,0,3,Postgraduate,356689,573,34430,No,No,Tier-1,No
51,183187,30,3,Postgraduate,173956,784,51752,Yes,Yes,Tier-2,No
34,63897,11,1,Graduate,208571,650,45284,No,Yes,Tier-3,No
58,29695,35,1,Graduate,362100,746,24331,No,No,Tier-1,No
42,150261,21,1,Graduate,165552,554,13109,Yes,Yes,Tier-1,No
51,237079,25,1,Graduate,258718,637,40985,Yes,Yes,Tier-1,No
48,45946,21,5,Graduate,55814,568,25671,Yes,No,Tier-1,No
43,129733,19,2,Graduate,362722,808,19158,Yes,No,Tier-3,No
24,58697,0,1,Graduate,72899,759,64502,Yes,No,Tier-3,No
41,84052,14,2,Postgraduate,232047,561,51950,Yes,Yes,Tier-2,No
46,71728,24,3,Professional,35084,640,68433,Yes,Yes,Tier-1,Yes
31,209736,6,4,Postgraduate,263611,508,41384,No,No,Tier-2,Yes
49,224184,25,1,Graduate,213707,806,89889,Yes,No,Tier-2,Yes
53,170818,28,4,Postgraduate,252976,609,18226,Yes,Yes,Tier-1,Yes
31,68351,10,4,Graduate,232302,769,29657,Yes,No,Tier-1,No
36,93666,12,1,Postgraduate,0,648,40165,Yes,Yes,Tier-2,Yes
28,180855,6,5,Postgraduate,209832,773,17185,No,No,Tier-1,Yes
25,67678,2,2,Postgraduate,240448,594,56816,No,No,Tier-3,No
58,118608,31,3,Graduate,82382,528,45151,Yes,No,Tier-3,No
25,217779,4,3,Postgraduate,146021,713,11777,Yes,Yes,Tier-2,Yes
47,104459,22,1,Postgraduate,263408,832,79583,Yes,No,Tier-1,Yes
37,217214,11,4,Graduate,166409,757,60847,Yes,Yes,Tier-1,Yes
21,98168,0,4,Graduate,59382,753,6102,Yes,No,Tier-1,No
26,119296,3,5,Postgraduate,208364,792,81054,No,Yes,Tier-1,Yes
38,247071,14,2,Professional,0,756,7607,No,No,Tier-2,Yes
49,181189,22,2,Postgraduate,174259,815,52624,Yes,No,Tier-1,Yes
35,80264,14,3,Graduate,21353,583,43632,Yes,Yes,Tier-2,No
59,244123,36,4,Graduate,306280,594,21464,Yes,No,Tier-1,No
51,154188,24,3,Postgraduate,194819,805,15435,No,Yes,Tier-2,Yes
60,190413,33,3,Postgraduate,35250,606,35979,Yes,Yes,Tier-1,Yes
36,166918,10,5,Professional,224949,769,42983,Yes,Yes,Tier-2,Yes
52,56153,31,2,Graduate,17876,688,11001,Yes,Yes,Tier-2,No
48,237773,27,2,Postgraduate,216235,569,35359,Yes,Yes,Tier-1,Yes
27,50104,5,3,Graduate,108708,802,22566,Yes,No,Tier-1,No
55,225182,33,3,Postgraduate,102380,637,10007,Yes,No,Tier-1,No
43,91770,17,5,Graduate,339711,756,57186,Yes,No,Tier-2,No
55,212163,29,1,Graduate,63912,658,36651,Yes,No,Tier-3,No
59,196890,35,2,Graduate,108649,555,96238,Yes,Yes,Tier-3,Yes
52,244665,31,2,Graduate,106366,849,77851,No,Yes,Tier-2,Yes
52,179195,30,4,Graduate,355332,690,58494,Yes,No,Tier-2,No
34,94224,8,3,Graduate,142668,610,84636,Yes,No,Tier-2,No
56,89680,30,2,Postgraduate,60144,770,21515,Yes,No,Tier-2,No
33,67215,12,3,Graduate,83728,626,16961,No,Yes,Tier-3,No
22,234870,0,5,Postgraduate,18342,503,94152,Yes,Yes,Tier-2,Yes
48,226186,21,5,Postgraduate,92813,600,39743,Yes,No,Tier-1,No
55,79555,28,5,Professional,0,520,38659,Yes,Yes,Tier-2,Yes
21,139930,0,1,Postgraduate,294351,514,61136,Yes,No,Tier-2,Yes
49,71835,23,1,Graduate,255066,850,63855,Yes,Yes,Tier-1,Yes
47,42140,20,1,Graduate,41215,578,35440,Yes,No,Tier-2,No
36,220863,9,2,Postgraduate,291147,735,25212,Yes,No,Tier-3,Yes
56,74810,29,2,Postgraduate,394201,847,70422,Yes,Yes,Tier-3,Yes
59,95467,34,4,Graduate,192984,657,21996,Yes,No,Tier-3,No
50,53930,27,2,Postgraduate,247269,626,55444,Yes,No,Tier-1,No
30,76468,3,5,Graduate,258084,763,85038,Yes,Yes,Tier-1,Yes
22,142217,0,3,Graduate,265057,720,93384,Yes,Yes,Tier-3,Yes
51,189762,29,1,Postgraduate,285322,740,22108,Yes,No,Tier-2,Yes
26,244678,0,2,Postgraduate,70801,647,64409,Yes,Yes,Tier-2,Yes
28,48365,5,4,Postgraduate,56979,748,52110,No,No,Tier-1,Yes
47,123315,20,1,Graduate,182969,728,16126,Yes,No,Tier-2,No
39,81344,18,4,Postgraduate,96285,591,94160,Yes,Yes,Tier-2,Yes
59,61163,35,4,Professional,148400,548,9507,Yes,No,Tier-2,No
43,145360,17,2,Postgraduate,108875,834,40665,Yes,No,Tier-1,Yes
29,161817,5,1,Postgraduate,197488,594,21781,Yes,No,Tier-3,No
49,42669,27,3,Graduate,166938,758,3843,Yes,No,Tier-1,No
46,204961,22,1,Graduate,202734,614,72649,Yes,No,Tier-2,No
37,30741,11,4,Graduate,302155,666,73240,Yes,Yes,Tier-2,No
41,105522,14,1,Graduate,60073,622,94889,No,Yes,Tier-2,No
58,104364,32,5,Postgraduate,112882,841,32531,Yes,No,Tier-2,Yes
30,185389,4,1,Postgraduate,108618,686,56078,Yes,Yes,Tier-2,Yes
52,149279,29,4,Graduate,67996,533,44915,Yes,No,Tier-2,No
45,183814,24,1,Professional,135265,848,2442,Yes,No,Tier-1,Yes
26,152616,5,3,Graduate,161495,780,48766,Yes,Yes,Tier-1,Yes
32,184136,5,1,Professional,0,815,90901,Yes,Yes,Tier-1,Yes
36,216175,11,5,Postgraduate,190316,579,22234,Yes,Yes,Tier-3,Yes
30,74892,8,1,Graduate,131699,765,30287,Yes,No,Tier-1,No
37,107643,15,3,Graduate,108482,767,51044,Yes,No,Tier-1,No
55,58038,34,2,Postgraduate,43675,585,72394,Yes,Yes,Tier-2,Yes
49,76455,23,5,Postgraduate,110090,568,40333,Yes,Yes,Tier-2,Yes
44,50921,19,5,Graduate,116519,790,52867,No,No,Tier-2,No
56,249409,35,1,Graduate,162229,555,33357,Yes,No,Tier-1,No
30,86606,6,4,Graduate,147292,528,35481,No,No,Tier-1,Yes
37,93232,12,1,Graduate,312815,764,89695,Yes,No,Tier-2,No
33,53555,6,5,Professional,96107,568,2036,No,No,Tier-2,No
22,54873,1,5,Postgraduate,174267,636,8333,Yes,Yes,Tier-1,No
58,244378,35,3,Postgraduate,0,640,63762,Yes,Yes,Tier-3,Yes
47,240859,20,1,Postgraduate,128700,571,94680,Yes,Yes,Tier-3,Yes
41,170251,14,5,Postgraduate,320208,759,76311,Yes,Yes,Tier-2,Yes
47,43895,20,2,Professional,109387,530,63807,No,Yes,Tier-2,Yes
34,122551,11,4,Professional,0,825,21346,Yes,No,Tier-1,Yes
44,178048,20,5,Postgraduate,176507,847,26741,No,No,Tier-2,No
49,119515,22,1,Postgraduate,0,541,14938,Yes,No,Tier-2,No
44,39706,17,4,Postgraduate,309379,591,87013,No,Yes,Tier-2,Yes
27,208148,1,3,Postgraduate,0,720,25447,No,No,Tier-1,Yes
46,211381,19,5,Graduate,272127,536,90628,Yes,Yes,Tier-2,Yes
55,173182,32,4,Professional,109892,707,54136,Yes,No,Tier-1,Yes
26,156706,4,4,Graduate,235531,504,37999,No,Yes,Tier-2,No
45,56655,21,5,Graduate,154125,738,30878,Yes,Yes,Tier-2,Yes
53,62805,27,1,Postgraduate,135988,634,83614,Yes,No,Tier-2,No
35,72800,13,3,Postgraduate,228540,672,37367,Yes,No,Tier-3,No
59,65318,36,3,Graduate,54217,799,68577,Yes,Yes,Tier-3,Yes
50,243389,29,2,Postgraduate,167251,514,19059,Yes,No,Tier-1,No
34,236321,10,4,Postgraduate,139834,744,45484,No,Yes,Tier-1,Yes
53,187182,32,1,Professional,405575,745,62124,Yes,No,Tier-1,Yes
44,159268,23,5,Professional,277240,638,70535,No,Yes,Tier-1,Yes
41,113913,18,4,Graduate,145152,618,61940,Yes,No,Tier-1,No
24,80828,0,5,Postgraduate,0,642,8050,Yes,No,Tier-2,No
34,243435,9,4,Postgraduate,274693,785,82983,Yes,No,Tier-2,Yes
43,194180,19,5,Graduate,213611,548,74980,Yes,No,Tier-2,No
24,169854,0,1,Graduate,184868,619,96003,Yes,No,Tier-3,No
31,48259,10,4,Graduate,238745,694,80065,Yes,No,Tier-1,No
40,218179,18,2,Postgraduate,118254,548,67424,Yes,No,Tier-2,Yes
23,42106,0,3,Postgraduate,193891,843,73326,Yes,Yes,Tier-3,No
37,79645,16,3,Graduate,348173,529,95449,No,No,Tier-2,Yes
30,230459,9,5,Graduate,147718,757,57609,No,No,Tier-3,Yes
49,217782,23,5,Graduate,182758,758,67169,Yes,No,Tier-1,Yes
59,79215,36,2,Graduate,287038,665,40015,No,No,Tier-2,No
47,50230,24,2,Postgraduate,0,512,92209,Yes,No,Tier-2,No
41,121299,18,2,Graduate,84262,577,33969,Yes,No,Tier-2,No
36,94385,11,2,Graduate,94054,742,6359,No,Yes,Tier-1,No
38,27093,15,4,Graduate,139409,674,19718,Yes,Yes,Tier-1,No
48,133368,24,3,Graduate,196316,805,28651,Yes,No,Tier-1,No
53,200403,31,1,Graduate,8802,655,72729,Yes,No,Tier-1,No
32,185482,11,4,Graduate,300556,713,34875,Yes,No,Tier-2,No
60,57356,38,4,Graduate,217497,749,68095,Yes,No,Tier-3,No
48,235084,27,4,Graduate,55838,724,28909,No,No,Tier-2,No
44,159137,20,3,Graduate,235325,699,29209,Yes,No,Tier-1,No
48,138528,25,5,Postgraduate,0,753,27102,Yes,No,Tier-2,Yes
23,70380,0,1,Graduate,366668,501,47028,Yes,No,Tier-3,No
23,137035,0,1,Graduate,85795,657,15470,No,Yes,Tier-3,No
33,206844,7,1,Graduate,189318,712,8630,Yes,Yes,Tier-2,Yes
36,198316,15,4,Graduate,81243,552,51004,Yes,No,Tier-1,No
51,43740,28,2,Professional,268855,772,28783,Yes,No,Tier-2,No
22,147323,0,2,Graduate,340680,731,22229,Yes,No,Tier-2,No
34,191020,13,2,Graduate,133088,800,23071,Yes,Yes,Tier-2,Yes
40,28060,13,4,Graduate,0,523,28325,Yes,No,Tier-2,No
36,147058,11,5,Graduate,121094,808,13698,Yes,No,Tier-2,No
59,62823,32,5,Postgraduate,284001,624,47592,Yes,Yes,Tier-1,Yes
52,111676,30,5,Postgraduate,177851,512,23686,Yes,No,Tier-2,No
57,186298,30,4,Graduate,0,781,72375,No,No,Tier-2,Yes
28,49578,4,5,Postgraduate,117017,832,67355,Yes,Yes,Tier-3,Yes
51,58758,26,1,Professional,0,729,27816,Yes,Yes,Tier-1,Yes
51,181215,27,4,Graduate,230660,699,13085,No,No,Tier-1,No
24,47099,2,3,Postgraduate,196192,639,76280,Yes,No,Tier-1,Yes
26,35985,0,1,Postgraduate,241673,767,95330,Yes,No,Tier-3,Yes
58,164248,36,1,Graduate,143278,602,8021,Yes,No,Tier-2,No
28,219151,7,2,Postgraduate,180361,727,91787,Yes,Yes,Tier-3,Yes
42,117510,17,4,Postgraduate,65510,842,62695,No,No,Tier-3,No
42,214060,20,2,Professional,0,751,75230,Yes,No,Tier-1,Yes
41,220720,14,3,Postgraduate,266031,809,31203,Yes,No,Tier-2,Yes
28,100948,5,1,Postgraduate,342204,707,85529,Yes,Yes,Tier-2,Yes
52,65308,31,3,Graduate,78380,842,16235,Yes,No,Tier-1,No
33,56923,11,5,Graduate,17057,560,20800,Yes,No,Tier-1,No
40,187760,17,5,Postgraduate,44701,556,95778,Yes,Yes,Tier-1,Yes
53,43781,27,3,Postgraduate,0,550,19883,Yes,Yes,Tier-2,No
24,211103,0,5,Graduate,35115,518,98008,Yes,No,Tier-1,No
42,25908,18,2,Professional,51859,763,83556,No,Yes,Tier-2,No
46,186236,20,4,Professional,310365,682,95034,Yes,Yes,Tier-2,Yes
38,213255,12,3,Professional,158410,552,66471,No,No,Tier-2,Yes
22,124468,0,3,Graduate,187167,664,56698,Yes,No,Tier-2,No
43,71798,16,1,Graduate,207090,842,64821,Yes,Yes,Tier-2,Yes
25,140064,0,5,Postgraduate,135937,623,45665,Yes,No,Tier-3,Yes
43,87613,19,2,Postgraduate,96747,850,16434,Yes,Yes,Tier-1,Yes
21,30445,0,1,Postgraduate,155163,602,58238,Yes,Yes,Tier-2,Yes
39,171362,12,4,Graduate,232422,752,65197,Yes,No,Tier-3,Yes
31,87601,8,2,Postgraduate,166983,807,90713,No,No,Tier-2,Yes
49,107970,27,4,Postgraduate,350823,568,87961,Yes,No,Tier-2,No
57,97828,35,2,Postgraduate,208046,775,54576,Yes,Yes,Tier-2,Yes
45,47320,21,5,Postgraduate,14034,774,71837,Yes,No,Tier-3,Yes
28,145896,3,5,Graduate,94710,561,86458,Yes,No,Tier-2,No
28,129332,5,1,Graduate,142753,617,51817,Yes,No,Tier-2,No
25,192848,0,1,Postgraduate,236300,850,51294,Yes,No,Tier-2,Yes
23,32549,0,3,Graduate,368372,824,25016,No,Yes,Tier-2,No
58,37823,35,3,Graduate,217593,695,59888,Yes,No,Tier-2,No
31,212973,7,3,Postgraduate,295644,758,71715,No,No,Tier-2,Yes
26,128187,3,4,Graduate,121277,841,41470,Yes,No,Tier-3,Yes
57,196796,31,1,Postgraduate,144937,815,91723,Yes,No,Tier-1,Yes
46,61051,20,3,Professional,43462,720,13278,Yes,Yes,Tier-1,Yes
39,178263,14,5,Graduate,46838,513,64513,Yes,No,Tier-2,No
57,156639,36,4,Graduate,99351,825,75551,Yes,No,Tier-2,Yes
30,207504,6,5,Postgraduate,154379,543,49671,Yes,Yes,Tier-2,Yes
38,217416,13,1,Postgraduate,153690,535,59492,No,No,Tier-2,Yes
46,27369,22,1,Graduate,106765,567,20047,Yes,No,Tier-2,No
44,99420,21,1,Professional,0,590,5925,Yes,No,Tier-2,Yes
36,34797,13,2,Graduate,61183,706,28926,No,No,Tier-2,No
25,246404,1,5,Postgraduate,25223,555,12204,No,No,Tier-1,No
47,119819,26,1,Postgraduate,306043,643,41986,Yes,Yes,Tier-3,Yes
48,198620,26,1,Postgraduate,175627,797,11114,Yes,No,Tier-2,No
39,50009,12,2,Postgraduate,125602,605,30767,Yes,No,Tier-3,Yes
32,231798,10,4,Postgraduate,268070,818,2048,Yes,No,Tier-2,Yes
27,73115,0,3,Postgraduate,121588,741,48022,Yes,No,Tier-2,Yes
42,240398,21,3,Postgraduate,159310,710,33145,Yes,No,Tier-1,Yes
42,173605,21,5,Graduate,19767,842,60597,Yes,No,Tier-1,No
27,149444,2,5,Postgraduate,174134,800,33876,Yes,No,Tier-1,Yes
45,133500,21,3,Postgraduate,0,813,15587,No,No,Tier-1,Yes
31,221149,10,5,Postgraduate,46065,803,41023,Yes,Yes,Tier-1,Yes
40,86742,16,1,Postgraduate,210877,741,57476,Yes,No,Tier-3,Yes
36,136706,12,5,Graduate,263777,580,12528,Yes,No,Tier-1,No
24,42241,0,1,Professional,113285,614,83196,No,No,Tier-1,No
28,145623,2,1,Graduate,82944,674,25490,Yes,No,Tier-3,No
43,79638,22,4,Graduate,112551,795,37326,Yes,No,Tier-1,No
25,143192,0,2,Graduate,423530,750,16901,Yes,No,Tier-1,No
27,154101,5,1,Graduate,66541,799,28398,No,Yes,Tier-1,Yes
31,233467,9,5,Postgraduate,0,768,52603,No,No,Tier-1,Yes
33,93811,9,4,Graduate,230405,812,15880,Yes,No,Tier-1,No
31,232791,10,3,Postgraduate,268568,803,72210,Yes,Yes,Tier-1,Yes
38,131683,11,5,Graduate,347413,585,45481,Yes,No,Tier-1,No
38,212313,12,2,Graduate,0,605,38996,No,No,Tier-3,No
32,158780,6,3,Graduate,251999,788,8553,No,No,Tier-3,No
31,211113,10,4,Graduate,300034,708,48365,Yes,Yes,Tier-1,Yes
41,180596,19,2,Postgraduate,37949,587,56261,Yes,No,Tier-2,Yes
26,194327,4,1,Postgraduate,327471,617,89329,Yes,No,Tier-3,No
59,218529,38,5,Graduate,162325,783,87366,Yes,No,Tier-3,Yes
58,75969,37,4,Graduate,129076,512,57268,Yes,Yes,Tier-2,No
24,168532,1,5,Postgraduate,68746,565,57114,No,Yes,Tier-3,Yes
39,96591,17,3,Graduate,0,671,32614,Yes,No,Tier-2,No
27,144004,2,5,Graduate,151431,575,32383,Yes,No,Tier-2,No
59,81313,36,2,Graduate,269328,732,13991,Yes,No,Tier-1,No
42,188282,19,5,Postgraduate,117898,781,91557,Yes,No,Tier-3,No
27,235323,5,5,Graduate,263437,512,39890,Yes,Yes,Tier-1,Yes
46,67903,25,3,Graduate,83691,805,32105,Yes,Yes,Tier-2,Yes
60,172950,39,5,Postgraduate,224820,641,9253,No,No,Tier-3,No
38,63485,17,1,Graduate,181244,603,53897,Yes,No,Tier-1,No
56,129216,33,4,Postgraduate,365728,760,59287,Yes,No,Tier-3,Yes
26,97847,2,4,Graduate,112039,502,60942,Yes,No,Tier-2,No
43,241746,18,1,Graduate,14231,797,39695,No,Yes,Tier-1,Yes
57,226969,33,2,Graduate,256485,543,57746,Yes,Yes,Tier-1,Yes
36,92592,15,5,Professional,219263,633,23395,Yes,No,Tier-3,No
39,62190,12,2,Postgraduate,2517,602,3780,Yes,Yes,Tier-3,Yes
40,114196,19,4,Graduate,299178,787,11984,Yes,Yes,Tier-2,Yes
29,150093,5,1,Professional,311099,760,10254,Yes,Yes,Tier-2,Yes
34,57963,13,2,Graduate,219537,542,3080,Yes,No,Tier-1,No
57,103038,30,4,Graduate,0,589,36019,Yes,No,Tier-3,No
39,49220,15,3,Graduate,334682,739,41809,Yes,No,Tier-1,No
56,38580,35,1,Postgraduate,174945,531,92447,No,No,Tier-1,No
32,67816,7,1,Graduate,355671,545,97278,No,No,Tier-2,No
26,177420,5,1,Postgraduate,174031,761,73923,No,No,Tier-2,Yes
59,159476,34,3,Graduate,0,787,55205,Yes,Yes,Tier-1,Yes
53,152319,31,1,Postgraduate,164707,601,16974,No,Yes,Tier-2,Yes
51,247067,24,5,Graduate,243818,576,77705,Yes,Yes,Tier-3,Yes
29,116310,3,3,Graduate,229211,621,92296,Yes,No,Tier-3,No
40,167303,13,1,Graduate,128142,685,97201,Yes,No,Tier-1,No
52,55924,27,1,Postgraduate,345248,752,43400,Yes,Yes,Tier-2,Yes
51,219155,30,1,Professional,304914,544,10271,No,No,Tier-3,Yes
44,120347,19,4,Graduate,88524,552,9235,Yes,No,Tier-2,No
46,243290,19,2,Graduate,94934,701,94604,No,No,Tier-3,Yes
47,81965,25,2,Graduate,27889,527,93628,Yes,Yes,Tier-1,No
30,48466,7,2,Professional,228482,534,22641,No,No,Tier-2,No
40,165710,16,1,Professional,207232,675,3439,Yes,No,Tier-1,Yes
55,201169,28,5,Professional,121078,805,45832,Yes,Yes,Tier-1,Yes
57,93591,31,3,Graduate,177480,658,23832,No,No,Tier-1,No
42,153131,21,3,Graduate,3722,555,63477,Yes,No,Tier-2,No
59,35247,35,2,Graduate,369151,586,17051,Yes,No,Tier-1,No
22,135188,1,2,Graduate,111820,785,18108,Yes,No,Tier-1,No
46,246738,23,5,Graduate,222087,719,67842,No,No,Tier-2,Yes
57,58043,33,2,Graduate,207037,844,50785,Yes,No,Tier-1,No
33,231095,7,4,Postgraduate,94547,565,70578,No,No,Tier-3,Yes
34,143915,8,3,Graduate,117555,630,42160,No,Yes,Tier-1,Yes
51,111157,25,1,Graduate,0,707,82934,Yes,No,Tier-3,No
53,30310,31,1,Graduate,178929,522,17457,Yes,No,Tier-1,No
43,26128,20,3,Postgraduate,0,545,11808,Yes,Yes,Tier-1,No
22,33998,1,2,Postgraduate,279566,738,88540,Yes,No,Tier-1,Yes
27,119929,6,4,Graduate,315219,759,16776,Yes,No,Tier-2,No
46,88308,20,5,Graduate,303342,677,44103,No,No,Tier-3,No
58,153431,34,4,Graduate,218458,751,41823,Yes,Yes,Tier-2,Yes
38,116787,15,3,Graduate,39411,821,54799,No,No,Tier-1,No
33,232045,7,3,Graduate,352216,677,56649,Yes,No,Tier-2,No
30,111379,9,4,Graduate,0,564,70835,Yes,Yes,Tier-2,No
41,89666,18,3,Postgraduate,111799,798,50226,Yes,No,Tier-2,Yes
28,191026,1,5,Postgraduate,171961,576,83981,No,No,Tier-1,Yes
35,245694,13,3,Graduate,31016,672,62167,Yes,No,Tier-2,No
21,171539,0,4,Graduate,361974,726,79701,No,Yes,Tier-1,Yes
45,180418,18,4,Graduate,277947,799,67642,Yes,Yes,Tier-3,Yes
57,225858,32,1,Graduate,23947,744,40187,Yes,No,Tier-1,Yes
42,162930,15,3,Graduate,251534,512,63455,Yes,No,Tier-3,Yes
57,41488,35,2,Graduate,201465,838,61332,Yes,No,Tier-1,No
41,241576,15,4,Postgraduate,294439,557,26398,Yes,No,Tier-2,No
28,81132,2,4,Postgraduate,158729,633,9434,Yes,No,Tier-2,No
56,29123,32,3,Postgraduate,10981,785,91541,Yes,No,Tier-1,No
51,168193,27,4,Graduate,222313,779,11953,Yes,Yes,Tier-2,Yes
34,49496,8,2,Professional,131830,589,24873,No,Yes,Tier-2,No
33,84799,7,2,Graduate,63090,813,8749,No,No,Tier-3,No
36,187893,14,2,Postgraduate,0,692,91142,Yes,No,Tier-2,Yes
25,239117,0,2,Postgraduate,207766,619,69474,No,No,Tier-1,Yes
48,205685,24,4,Graduate,67891,754,2005,Yes,No,Tier-3,No
34,227945,9,4,Postgraduate,231849,509,29503,Yes,Yes,Tier-1,Yes
41,106748,16,4,Postgraduate,228524,746,41142,Yes,No,Tier-2,No
30,159962,9,1,Postgraduate,0,724,48629,Yes,Yes,Tier-1,Yes
51,225401,24,4,Postgraduate,298419,539,57598,No,No,Tier-3,No
24,28811,0,5,Postgraduate,131515,590,57685,Yes,No,Tier-2,No
58,203908,34,3,Postgraduate,55520,613,67283,No,Yes,Tier-1,Yes
31,245828,9,3,Postgraduate,0,621,44213,Yes,Yes,Tier-1,Yes
27,163138,6,1,Graduate,80521,841,89185,Yes,Yes,Tier-3,Yes
30,198549,5,5,Postgraduate,117014,641,65332,No,No,Tier-1,Yes
60,232711,33,3,Postgraduate,4791,549,40397,No,No,Tier-1,Yes
46,163320,20,4,Graduate,48787,670,26644,Yes,No,Tier-1,No
33,60481,11,2,Graduate,251243,711,54879,Yes,No,Tier-1,No
42,55183,15,3,Postgraduate,63680,828,4775,Yes,No,Tier-2,Yes
45,141249,24,5,Graduate,156273,666,15536,Yes,No,Tier-2,No
46,175555,19,3,Professional,0,598,18258,Yes,No,Tier-3,Yes
58,136975,31,2,Graduate,0,611,95925,Yes,Yes,Tier-1,Yes
57,30285,33,3,Graduate,87267,813,72402,Yes,No,Tier-2,No
39,178405,12,3,Postgraduate,40682,526,33661,No,Yes,Tier-3,Yes
55,87814,33,5,Professional,466463,704,55013,Yes,No,Tier-3,Yes
28,117643,3,3,Professional,328749,545,27835,Yes,No,Tier-2,No
29,171305,8,4,Postgraduate,86805,537,23346,No,Yes,Tier-2,Yes
55,152673,34,1,Professional,123491,713,46763,Yes,No,Tier-1,Yes
29,235813,8,5,Graduate,132331,850,9501,Yes,Yes,Tier-2,Yes
39,239362,18,5,Postgraduate,240504,591,20227,Yes,Yes,Tier-3,Yes
55,177771,29,2,Postgraduate,269145,713,28485,Yes,No,Tier-2,Yes
57,224695,32,2,Graduate,204119,847,62664,Yes,No,Tier-2,Yes
21,218329,0,1,Graduate,203194,622,5657,No,No,Tier-1,No
35,29329,13,5,Postgraduate,171852,845,85984,No,No,Tier-2,Yes
30,243359,4,1,Graduate,0,848,15392,Yes,Yes,Tier-2,Yes
40,205523,13,1,Graduate,118719,841,53952,Yes,Yes,Tier-2,No
38,170111,14,4,Graduate,168916,767,87727,Yes,No,Tier-1,Yes
23,190632,2,5,Postgraduate,173394,661,89778,Yes,Yes,Tier-2,Yes
58,117529,36,1,Professional,243435,692,96825,Yes,No,Tier-2,No
48,156994,27,1,Postgraduate,15329,636,93279,No,No,Tier-2,Yes
33,148775,10,4,Graduate,94028,839,58160,Yes,No,Tier-2,Yes
59,98071,38,5,Graduate,99008,541,6297,Yes,No,Tier-1,No
39,185308,14,1,Graduate,44847,580,31376,Yes,No,Tier-1,No
25,206028,0,4,Professional,251736,675,25301,Yes,No,Tier-1,No
51,225609,26,3,Graduate,318314,673,96266,Yes,Yes,Tier-2,Yes
25,119410,4,5,Graduate,11583,621,43277,Yes,Yes,Tier-2,No
26,245319,3,2,Postgraduate,88125,742,81183,No,No,Tier-2,Yes
55,228426,29,5,Postgraduate,172401,702,88623,No,No,Tier-1,Yes
54,93099,32,3,Professional,196833,524,18442,Yes,Yes,Tier-3,No
35,240554,10,5,Postgraduate,61906,515,41309,Yes,No,Tier-1,Yes
28,103183,7,2,Postgraduate,41267,579,57046,Yes,No,Tier-3,No
34,41772,11,5,Graduate,163506,702,83008,No,No,Tier-2,No
37,242291,16,1,Graduate,90005,577,69641,Yes,No,Tier-3,No
25,166140,2,3,Postgraduate,212573,631,31164,Yes,Yes,Tier-1,Yes
44,162186,20,3,Graduate,251631,688,6076,Yes,No,Tier-1,No
53,81680,32,2,Graduate,81405,774,89110,Yes,No,Tier-2,No
24,227499,0,1,Graduate,287563,830,62746,Yes,No,Tier-1,Yes
38,195505,11,4,Postgraduate,115634,641,24286,Yes,No,Tier-1,Yes
33,107579,12,2,Postgraduate,354746,599,28044,Yes,Yes,Tier-2,No
49,134062,27,5,Postgraduate,0,739,87097,Yes,Yes,Tier-1,Yes
43,40729,20,1,Professional,92495,621,76638,No,No,Tier-1,No
40,180739,19,3,Professional,276270,628,27530,Yes,No,Tier-3,No
33,247450,8,4,Professional,127177,787,14985,No,Yes,Tier-2,Yes
37,156605,14,3,Graduate,230281,595,58441,Yes,No,Tier-2,No
56,229101,30,1,Postgraduate,53729,594,11511,No,Yes,Tier-2,Yes
26,67756,3,3,Postgraduate,0,770,52659,Yes,No,Tier-2,Yes
57,179706,30,3,Postgraduate,181683,626,10382,Yes,No,Tier-2,No
23,214585,2,3,Postgraduate,24262,848,98085,No,Yes,Tier-3,Yes
49,30631,27,5,Professional,145852,840,24580,Yes,Yes,Tier-2,Yes
39,163923,12,1,Graduate,258686,608,60027,Yes,Yes,Tier-1,Yes
40,100499,17,3,Professional,82859,604,92918,Yes,Yes,Tier-1,Yes
28,195848,6,5,Graduate,107194,532,54433,Yes,No,Tier-2,No
60,237996,38,1,Postgraduate,164161,718,68836,No,No,Tier-1,Yes
40,127689,16,3,Graduate,0,657,52138,Yes,Yes,Tier-2,Yes
43,163997,19,5,Professional,0,603,64444,Yes,No,Tier-2,Yes
35,39642,11,5,Postgraduate,402245,562,21523,Yes,No,Tier-2,No
26,70538,0,5,Postgraduate,0,835,62282,Yes,Yes,Tier-2,Yes
33,177215,9,1,Postgraduate,184359,608,13748,Yes,No,Tier-1,No
41,150802,15,5,Postgraduate,15958,564,87333,No,No,Tier-3,Yes
40,135996,18,2,Professional,0,811,42799,No,No,Tier-3,Yes
34,88908,7,1,Graduate,258202,604,21727,Yes,No,Tier-2,No
35,99180,12,5,Graduate,104247,695,72640,Yes,No,Tier-3,Yes
30,159757,4,1,Graduate,45973,770,81424,Yes,No,Tier-2,Yes
51,127666,25,5,Graduate,146437,833,76642,Yes,No,Tier-2,Yes
44,104239,21,2,Graduate,299136,607,51150,Yes,No,Tier-1,No
56,60572,33,5,Graduate,344126,674,56033,Yes,No,Tier-2,No
25,53702,0,3,Graduate,88336,612,30432,Yes,No,Tier-3,No
46,207614,20,4,Graduate,250183,753,85385,Yes,No,Tier-1,Yes
30,199682,9,1,Graduate,11091,738,27444,Yes,No,Tier-2,No
23,219692,2,4,Graduate,206641,704,84172,Yes,No,Tier-1,Yes
58,33496,35,1,Professional,115367,657,75108,Yes,No,Tier-3,No
28,67864,5,4,Graduate,231132,834,74739,No,No,Tier-1,No
50,77236,28,4,Postgraduate,216531,752,28998,Yes,Yes,Tier-2,No
40,122375,14,5,Professional,103898,653,36361,No,Yes,Tier-2,Yes
42,55932,20,5,Postgraduate,19470,553,11280,Yes,Yes,Tier-1,No
34,219195,13,2,Professional,135132,690,69501,Yes,Yes,Tier-2,Yes
47,73231,26,2,Postgraduate,48907,846,23584,No,No,Tier-1,No
54,87497,31,3,Graduate,194979,577,82589,Yes,No,Tier-1,No
53,134211,31,2,Graduate,184005,654,22239,Yes,Yes,Tier-1,No
40,108634,19,3,Professional,119536,529,43992,Yes,No,Tier-1,Yes
35,170074,12,4,Graduate,214043,746,93729,Yes,Yes,Tier-2,Yes
58,194421,37,5,Graduate,329154,635,43521,Yes,Yes,Tier-2,Yes
40,244184,14,3,Graduate,68599,757,8416,Yes,Yes,Tier-2,Yes
56,143243,30,2,Graduate,76302,594,82636,Yes,No,Tier-1,No
43,45860,18,1,Professional,293626,642,57332,Yes,No,Tier-3,No
30,31589,8,4,Graduate,117642,577,62840,Yes,Yes,Tier-2,No
55,220961,31,5,Graduate,55678,558,23159,Yes,No,Tier-1,No
40,32464,13,5,Graduate,251826,716,42768,Yes,No,Tier-3,No
57,248962,31,3,Graduate,163940,843,25703,Yes,No,Tier-2,No
49,120049,22,1,Graduate,198165,731,62301,Yes,No,Tier-1,Yes
51,119176,27,4,Graduate,0,594,67552,Yes,Yes,Tier-2,No
31,31259,8,4,Professional,61322,834,49419,Yes,Yes,Tier-2,Yes
58,81332,34,1,Postgraduate,280357,830,36142,No,No,Tier-1,Yes
40,87969,15,5,Graduate,0,677,64996,No,No,Tier-2,Yes
53,42809,27,5,Graduate,190905,535,51454,Yes,No,Tier-3,No
59,219838,36,2,Professional,239245,746,58306,Yes,Yes,Tier-1,Yes
49,172318,24,1,Graduate,157771,530,96369,Yes,No,Tier-1,No
35,182615,14,1,Professional,374108,519,70165,No,Yes,Tier-1,Yes
24,51219,2,4,Postgraduate,78383,826,48025,Yes,No,Tier-1,Yes
25,210682,1,2,Professional,0,619,81030,Yes,No,Tier-2,Yes
35,160204,13,5,Graduate,14987,604,20066,Yes,Yes,Tier-1,No
23,183187,0,5,Postgraduate,0,698,34806,Yes,No,Tier-1,Yes
34,202058,10,2,Graduate,187538,662,42430,Yes,Yes,Tier-3,Yes
60,137284,35,5,Graduate,218852,770,45888,No,No,Tier-1,Yes
50,216630,24,5,Graduate,92306,654,46104,Yes,Yes,Tier-1,Yes
26,207235,4,5,Postgraduate,293997,585,68775,No,Yes,Tier-1,Yes
43,117199,22,1,Graduate,0,515,97249,Yes,Yes,Tier-1,No
32,26528,6,4,Graduate,126418,836,22511,No,No,Tier-3,No
30,70678,3,2,Graduate,276305,578,22943,Yes,No,Tier-2,No
30,170780,9,4,Professional,0,815,13002,No,Yes,Tier-1,Yes
56,235995,35,3,Graduate,0,745,12426,Yes,No,Tier-1,No
46,141744,20,4,Graduate,0,780,84277,Yes,No,Tier-1,Yes
57,42167,32,4,Professional,0,649,46361,Yes,Yes,Tier-2,Yes
38,122079,11,1,Postgraduate,446549,726,25707,Yes,No,Tier-1,Yes
22,169353,0,5,Postgraduate,210139,822,90659,Yes,No,Tier-2,Yes
51,119682,29,1,Graduate,70282,661,17846,Yes,Yes,Tier-2,No
24,188148,2,4,Postgraduate,29878,710,61184,Yes,No,Tier-3,Yes
42,133558,20,1,Postgraduate,273982,800,70340,Yes,No,Tier-2,Yes
26,210409,5,4,Postgraduate,169465,550,89367,Yes,No,Tier-1,No
35,244643,14,3,Graduate,34260,642,8441,Yes,Yes,Tier-3,No
25,155223,0,2,Graduate,65588,740,54499,Yes,No,Tier-1,Yes
40,102755,14,4,Graduate,28317,740,29280,Yes,No,Tier-2,No
52,41238,29,2,Postgraduate,27352,673,30887,No,No,Tier-2,No
56,145738,32,3,Graduate,34387,801,84174,Yes,No,Tier-3,Yes
41,158107,17,5,Professional,55986,586,51334,No,Yes,Tier-1,Yes
59,187325,32,2,Postgraduate,381490,605,29025,No,No,Tier-1,No
21,129493,0,5,Graduate,153727,601,82206,Yes,No,Tier-1,No
55,208429,29,1,Professional,130587,627,98623,Yes,No,Tier-3,Yes
44,241231,18,4,Postgraduate,244495,756,93005,Yes,No,Tier-3,Yes
44,163518,19,2,Postgraduate,0,589,26723,Yes,No,Tier-2,Yes
43,52371,20,1,Professional,68374,685,36984,Yes,Yes,Tier-1,Yes
43,90696,22,4,Graduate,99196,605,36593,Yes,No,Tier-2,Yes
29,242872,4,4,Graduate,478149,762,26089,Yes,No,Tier-2,No
59,203066,36,3,Postgraduate,45254,713,29566,Yes,Yes,Tier-3,Yes
57,230103,31,2,Graduate,0,753,6965,Yes,Yes,Tier-3,Yes
34,148319,7,2,Postgraduate,198171,708,5743,Yes,Yes,Tier-1,Yes
56,127489,34,5,Graduate,42810,787,72112,Yes,No,Tier-1,Yes
33,208309,9,5,Graduate,145898,803,42540,Yes,Yes,Tier-3,Yes
25,30769,1,5,Postgraduate,94263,567,69770,Yes,No,Tier-3,No
30,48088,9,2,Graduate,251709,524,22099,No,No,Tier-2,Yes
40,177220,15,1,Postgraduate,0,560,35691,No,No,Tier-2,No
59,186412,36,5,Postgraduate,319278,512,19013,No,Yes,Tier-3,Yes
50,243008,26,4,Graduate,243335,694,24695,No,No,Tier-3,No
33,155560,7,2,Postgraduate,62124,636,66512,Yes,Yes,Tier-3,Yes
34,94925,7,2,Postgraduate,76499,633,96978,Yes,Yes,Tier-1,Yes
51,31304,25,1,Professional,260729,536,73834,Yes,Yes,Tier-2,Yes
43,79918,21,5,Graduate,327257,836,43730,No,Yes,Tier-1,Yes
59,181349,37,4,Postgraduate,234844,810,74123,Yes,Yes,Tier-2,Yes
25,84810,3,3,Postgraduate,135477,767,34977,Yes,No,Tier-3,No
42,230426,15,3,Graduate,237260,650,69699,Yes,No,Tier-1,No
37,197934,16,2,Graduate,137678,552,81624,Yes,No,Tier-1,No
39,129472,16,2,Professional,60855,722,2863,Yes,Yes,Tier-3,Yes
35,156515,13,4,Postgraduate,206724,711,95749,Yes,Yes,Tier-3,Yes
30,79391,7,2,Postgraduate,142442,622,63683,Yes,No,Tier-2,No
44,113529,21,4,Graduate,423631,567,51336,Yes,Yes,Tier-1,No
48,146132,27,2,Professional,61946,632,74553,No,No,Tier-1,Yes
25,48289,4,1,Postgraduate,65300,634,47166,Yes,No,Tier-1,Yes
27,30166,5,2,Postgraduate,360144,788,3293,Yes,Yes,Tier-2,Yes
25,46747,4,2,Graduate,130594,554,29190,No,No,Tier-3,No
57,241112,34,3,Professional,157608,842,54342,Yes,No,Tier-2,Yes
42,237208,17,4,Professional,246936,734,17015,No,Yes,Tier-2,No
43,154516,22,2,Professional,145321,806,88643,Yes,Yes,Tier-2,Yes
29,82353,4,2,Graduate,214695,537,70285,Yes,No,Tier-1,No
37,120614,13,1,Graduate,380572,844,60920,Yes,No,Tier-1,Yes
49,66098,25,4,Postgraduate,114517,791,83993,No,Yes,Tier-2,Yes
49,128550,23,1,Graduate,234975,731,93070,Yes,No,Tier-2,Yes
52,107720,26,4,Postgraduate,324204,592,79259,Yes,Yes,Tier-2,Yes
42,124925,20,2,Postgraduate,91164,594,65219,Yes,Yes,Tier-3,Yes
29,76786,2,3,Graduate,250906,666,24787,Yes,No,Tier-1,No
30,188324,5,2,Graduate,308337,717,82398,Yes,No,Tier-1,Yes
44,187138,18,3,Graduate,53044,760,5449,Yes,No,Tier-1,No
57,129847,30,5,Graduate,0,688,36889,Yes,No,Tier-2,No
22,119485,0,4,Graduate,355189,753,83844,Yes,Yes,Tier-1,Yes
53,61230,30,4,Postgraduate,230093,747,30390,Yes,Yes,Tier-3,Yes
43,91770,22,1,Professional,173233,719,76084,Yes,Yes,Tier-2,Yes
54,73838,27,4,Graduate,83078,787,58831,Yes,No,Tier-1,No
29,223343,5,2,Postgraduate,0,718,17636,No,No,Tier-2,Yes
51,176001,25,4,Postgraduate,43510,776,85791,Yes,No,Tier-1,Yes
22,242815,1,4,Postgraduate,217928,827,95248,Yes,No,Tier-2,Yes
27,63079,2,4,Postgraduate,142790,580,16718,Yes,No,Tier-2,No
56,147318,32,3,Graduate,117795,562,97051,Yes,Yes,Tier-1,Yes
38,149540,13,1,Postgraduate,192795,504,69519,Yes,No,Tier-2,Yes
31,49343,4,2,Graduate,116739,739,44926,Yes,Yes,Tier-1,Yes
22,228723,0,4,Professional,144806,708,99694,Yes,Yes,Tier-2,Yes
40,143209,16,4,Postgraduate,53218,596,57438,Yes,No,Tier-3,Yes
51,113405,28,2,Graduate,94893,710,81622,Yes,No,Tier-2,No
49,203270,27,1,Postgraduate,10180,642,6789,Yes,Yes,Tier-3,Yes
36,156201,12,4,Postgraduate,76750,554,38417,Yes,Yes,Tier-2,Yes
40,185545,18,4,Professional,216689,610,86971,Yes,Yes,Tier-1,Yes
22,140637,0,3,Professional,396491,800,62285,No,Yes,Tier-3,Yes
59,55346,33,5,Graduate,189152,816,72766,Yes,No,Tier-1,No
51,145950,25,5,Postgraduate,259381,554,54776,Yes,No,Tier-2,Yes
60,48550,35,4,Graduate,133629,787,24277,Yes,Yes,Tier-2,No
44,196742,20,4,Graduate,56602,614,20302,Yes,No,Tier-2,No
31,83906,5,3,Postgraduate,246610,655,91907,No,Yes,Tier-3,Yes
34,171104,11,1,Graduate,13749,571,76642,Yes,Yes,Tier-1,Yes
39,41025,14,3,Postgraduate,169681,679,25733,Yes,Yes,Tier-1,No
44,198226,19,3,Postgraduate,181838,653,32609,Yes,Yes,Tier-2,Yes
53,162719,30,3,Graduate,291018,806,31328,Yes,No,Tier-2,Yes
23,65151,0,1,Postgraduate,100935,745,13251,Yes,No,Tier-2,No
29,127035,6,4,Graduate,66865,500,78868,Yes,No,Tier-2,Yes
33,197115,9,3,Postgraduate,0,721,71854,No,Yes,Tier-2,Yes
22,110895,0,1,Graduate,81660,819,28521,Yes,Yes,Tier-1,No
51,101945,28,4,Postgraduate,180330,722,68313,Yes,No,Tier-2,Yes
52,203666,27,4,Graduate,137958,619,98080,Yes,No,Tier-2,No
24,80037,2,4,Postgraduate,162805,747,12349,No,Yes,Tier-1,Yes
35,84790,10,1,Professional,21156,609,48350,Yes,No,Tier-2,No
29,233929,5,1,Graduate,204998,800,51875,Yes,Yes,Tier-2,Yes
28,241992,6,2,Postgraduate,130266,718,45578,Yes,No,Tier-1,Yes
35,90950,10,2,Professional,352366,750,64002,Yes,No,Tier-1,Yes
25,241555,4,1,Postgraduate,80815,644,26507,Yes,Yes,Tier-1,Yes
43,235913,22,3,Professional,192765,514,90567,No,Yes,Tier-1,No
53,198625,32,1,Postgraduate,40280,834,59966,No,No,Tier-2,Yes
34,40993,9,2,Graduate,154431,784,7027,Yes,No,Tier-2,No
44,108794,20,4,Professional,33781,570,49376,Yes,Yes,Tier-1,Yes
25,198725,0,5,Graduate,0,745,22782,Yes,Yes,Tier-1,Yes
37,25050,10,3,Graduate,0,548,67029,No,No,Tier-2,No
21,166994,0,4,Graduate,37920,844,48176,Yes,No,Tier-1,Yes
43,96895,18,3,Graduate,0,613,43936,Yes,No,Tier-1,No
26,238370,4,1,Graduate,236643,799,4600,No,Yes,Tier-1,Yes
24,157030,2,4,Graduate,6794,543,61315,Yes,No,Tier-2,No
30,44504,3,3,Graduate,0,678,89087,Yes,No,Tier-1,No
32,248023,6,1,Postgraduate,52971,606,76302,Yes,No,Tier-1,Yes
37,94110,15,5,Professional,194286,808,85481,Yes,No,Tier-2,Yes
41,180522,14,3,Postgraduate,114407,845,12715,No,No,Tier-2,Yes
35,81143,11,2,Professional,255536,527,12952,Yes,Yes,Tier-1,No
44,134885,21,1,Postgraduate,0,729,70207,Yes,Yes,Tier-2,Yes
35,124251,13,5,Professional,158103,842,8861,Yes,No,Tier-3,Yes
46,181359,20,4,Postgraduate,0,646,21050,Yes,No,Tier-3,No
34,113116,12,4,Graduate,149536,646,64167,Yes,No,Tier-3,No
51,239683,29,3,Postgraduate,205199,719,83080,Yes,Yes,Tier-2,Yes
54,215075,29,5,Graduate,357034,704,70323,Yes,Yes,Tier-1,Yes
27,151041,0,1,Professional,92573,801,58321,Yes,No,Tier-2,Yes
21,93456,0,5,Postgraduate,211879,719,70319,Yes,Yes,Tier-1,Yes
50,93382,28,3,Postgraduate,232306,679,96520,Yes,Yes,Tier-3,Yes
34,227850,13,4,Professional,118531,518,34407,Yes,No,Tier-2,Yes
36,119961,13,4,Postgraduate,77632,777,47167,No,No,Tier-3,Yes
52,182876,29,4,Graduate,65895,735,99556,Yes,No,Tier-3,Yes
40,68199,15,2,Postgraduate,393314,638,7717,Yes,Yes,Tier-3,No
30,150812,9,1,Graduate,261035,611,96003,Yes,No,Tier-2,No
29,110823,3,5,Professional,195354,669,12367,Yes,No,Tier-2,No
42,165313,19,4,Postgraduate,105901,559,47606,Yes,No,Tier-2,Yes
33,245963,12,2,Graduate,129246,527,22615,Yes,No,Tier-3,No
56,159942,29,2,Graduate,163746,694,68141,Yes,No,Tier-1,No
35,186101,10,3,Graduate,178278,719,40733,Yes,Yes,Tier-1,Yes
22,248080,0,5,Graduate,106062,567,13969,No,No,Tier-1,No
21,71526,0,3,Postgraduate,134415,737,72935,Yes,No,Tier-2,Yes
30,196926,7,2,Postgraduate,104454,834,42264,Yes,No,Tier-1,Yes
44,166078,20,5,Postgraduate,200688,629,33300,Yes,No,Tier-3,No
28,212494,3,1,Graduate,8142,654,65411,Yes,No,Tier-2,No
44,36075,20,5,Graduate,418541,551,94174,Yes,No,Tier-2,No
46,41057,19,2,Postgraduate,0,512,80993,Yes,No,Tier-1,No
49,138591,23,5,Postgraduate,214987,705,58869,Yes,No,Tier-3,Yes
25,91780,0,1,Professional,157534,537,29277,No,No,Tier-1,Yes
26,116200,5,4,Professional,206123,708,38790,Yes,Yes,Tier-1,Yes
59,161243,33,3,Graduate,69747,768,40227,Yes,Yes,Tier-1,Yes
26,119449,4,3,Graduate,264364,771,97387,Yes,Yes,Tier-3,No
44,52410,23,4,Postgraduate,205586,541,77665,Yes,Yes,Tier-2,Yes
29,28034,7,2,Professional,242825,805,82459,No,Yes,Tier-1,Yes
37,83945,12,3,Graduate,23887,624,34879,Yes,Yes,Tier-2,No
43,96519,20,2,Graduate,96577,729,43911,Yes,Yes,Tier-2,Yes
54,137824,30,3,Postgraduate,119113,798,24300,Yes,No,Tier-2,Yes
52,143216,25,2,Professional,168859,623,62684,No,Yes,Tier-1,Yes
40,175404,16,5,Professional,230536,803,16732,Yes,Yes,Tier-1,Yes
60,106666,33,2,Graduate,231278,810,38214,No,Yes,Tier-2,Yes
58,205336,33,4,Postgraduate,180085,720,78970,Yes,Yes,Tier-2,Yes
41,232936,15,2,Graduate,138585,544,53857,Yes,No,Tier-1,No
56,100561,33,3,Graduate,0,598,58625,No,No,Tier-2,No
37,49256,12,5,Postgraduate,97824,669,85140,Yes,No,Tier-1,No
60,68202,35,3,Graduate,247871,548,96671,Yes,No,Tier-2,No
37,94278,10,1,Postgraduate,234861,830,49199,Yes,No,Tier-2,Yes
40,193515,15,5,Postgraduate,71494,675,54652,Yes,No,Tier-2,Yes
28,138849,1,1,Professional,159944,804,32783,Yes,No,Tier-1,Yes
37,84834,12,4,Professional,184758,819,7364,Yes,No,Tier-2,No
32,118676,8,3,Postgraduate,76009,511,3358,Yes,No,Tier-2,No
54,67320,27,4,Graduate,304969,781,56435,Yes,Yes,Tier-3,Yes
25,132481,4,3,Graduate,269218,814,84755,Yes,No,Tier-2,Yes
46,47030,20,1,Postgraduate,38823,731,79400,No,Yes,Tier-2,Yes
47,61775,25,1,Graduate,47327,697,9101,Yes,No,Tier-1,No
46,197980,22,4,Graduate,230444,659,21276,Yes,No,Tier-1,No
40,177455,17,3,Graduate,305984,610,56679,Yes,No,Tier-3,No
48,129447,22,3,Postgraduate,64314,652,46134,Yes,No,Tier-1,Yes
38,89005,16,3,Postgraduate,177591,820,96891,Yes,Yes,Tier-1,Yes
29,94702,3,5,Postgraduate,276507,796,35539,Yes,No,Tier-1,Yes
23,173673,0,1,Graduate,160870,782,91147,Yes,No,Tier-2,Yes
40,80188,13,1,Postgraduate,240316,597,36247,No,Yes,Tier-1,Yes
30,168973,8,5,Postgraduate,172887,563,36171,Yes,No,Tier-2,Yes
59,158021,34,1,Graduate,174977,610,91364,No,Yes,Tier-2,Yes
22,221864,1,2,Postgraduate,315356,518,93181,Yes,Yes,Tier-2,Yes
35,194621,14,3,Graduate,407844,659,56587,No,Yes,Tier-2,No
41,36093,16,2,Graduate,59340,665,86042,Yes,No,Tier-2,No
36,232547,13,4,Graduate,50996,822,21195,Yes,No,Tier-3,No
40,235769,14,2,Graduate,249906,739,28570,Yes,No,Tier-3,No
51,173310,30,1,Graduate,126664,505,72474,Yes,No,Tier-1,No
21,181647,0,1,Graduate,211850,776,65874,Yes,Yes,Tier-3,Yes
41,86915,16,4,Postgraduate,189111,676,38884,Yes,Yes,Tier-2,Yes
56,207485,34,2,Postgraduate,328261,681,99812,No,No,Tier-2,Yes
36,212593,13,2,Graduate,0,638,47724,Yes,No,Tier-2,No
22,166035,0,2,Postgraduate,103666,675,79384,Yes,No,Tier-2,Yes
43,191170,16,3,Graduate,230081,681,79932,Yes,Yes,Tier-2,Yes
46,61680,21,5,Professional,118948,671,61949,Yes,No,Tier-1,No
22,128504,0,3,Postgraduate,90353,768,43604,Yes,No,Tier-1,Yes
28,200257,1,1,Graduate,31882,658,35149,Yes,Yes,Tier-1,Yes
25,122504,2,3,Postgraduate,457138,795,25102,Yes,No,Tier-3,Yes
50,146103,27,4,Graduate,23258,691,27223,Yes,No,Tier-3,No
52,107164,27,4,Professional,62135,801,51631,No,No,Tier-1,Yes
44,165504,19,3,Graduate,101775,695,55450,No,Yes,Tier-3,Yes
51,123724,26,1,Professional,111093,762,19833,Yes,No,Tier-3,Yes
38,66057,16,3,Postgraduate,48057,753,30859,No,Yes,Tier-2,No
43,94428,22,2,Professional,97669,747,32569,Yes,Yes,Tier-2,Yes
27,137620,2,1,Postgraduate,232645,782,40250,No,No,Tier-2,Yes
54,183178,28,2,Graduate,223168,645,96769,No,No,Tier-3,No
47,161064,22,3,Graduate,590,751,42309,No,No,Tier-3,No
35,216755,9,1,Graduate,206312,833,47020,Yes,Yes,Tier-1,Yes
23,48439,0,1,Postgraduate,47316,637,82562,Yes,Yes,Tier-1,Yes
49,188471,25,5,Postgraduate,45294,686,98621,Yes,No,Tier-1,Yes
43,198499,22,1,Postgraduate,32504,782,98728,No,Yes,Tier-1,Yes
35,57400,13,3,Postgraduate,129044,696,47113,Yes,Yes,Tier-3,Yes
57,202878,34,2,Graduate,14997,788,82039,No,No,Tier-2,Yes
49,95647,27,3,Postgraduate,190075,720,56020,Yes,No,Tier-1,Yes
60,248374,35,1,Postgraduate,0,551,90074,Yes,No,Tier-3,Yes
26,213059,0,5,Postgraduate,168896,611,91067,Yes,Yes,Tier-1,Yes
49,92952,23,3,Postgraduate,180765,502,46938,Yes,No,Tier-1,No
25,215679,0,5,Postgraduate,196665,731,6930,No,Yes,Tier-3,Yes
47,181597,22,4,Graduate,343433,625,19332,No,No,Tier-1,Yes
35,63769,10,2,Graduate,168482,803,49646,Yes,No,Tier-2,No
36,169408,9,2,Professional,8618,734,27407,No,No,Tier-3,Yes
47,47369,24,1,Graduate,201942,696,2589,Yes,No,Tier-1,No
36,91794,9,3,Graduate,192306,699,2637,Yes,No,Tier-2,No
43,57202,22,4,Professional,74711,603,80771,No,No,Tier-3,No
47,67692,22,2,Graduate,336172,645,39096,Yes,No,Tier-2,Yes
34,135078,7,2,Graduate,181737,712,98047,No,No,Tier-2,Yes
27,165334,1,1,Graduate,169670,599,71108,No,No,Tier-3,No
30,92847,6,2,Graduate,60880,549,11622,Yes,Yes,Tier-1,No
33,133408,9,3,Professional,164317,752,21109,Yes,Yes,Tier-2,Yes
51,46017,25,2,Postgraduate,176084,568,12372,Yes,Yes,Tier-2,No
43,229205,22,3,Postgraduate,0,838,39693,Yes,No,Tier-2,Yes
54,231948,33,1,Graduate,0,652,3461,Yes,Yes,Tier-1,Yes
40,235544,13,5,Graduate,8756,800,7728,Yes,Yes,Tier-3,Yes
45,53688,23,2,Professional,337482,624,4438,No,No,Tier-3,No
21,82013,0,4,Professional,80223,636,48434,Yes,No,Tier-2,No
44,237910,21,2,Graduate,275538,729,58908,Yes,Yes,Tier-2,Yes
44,59256,22,4,Graduate,375776,507,40664,No,No,Tier-2,No
30,135210,6,5,Graduate,178241,670,38498,Yes,No,Tier-2,No
58,145848,32,3,Postgraduate,142898,793,44817,Yes,Yes,Tier-2,Yes
56,216510,32,2,Graduate,56937,770,12148,Yes,No,Tier-2,No
37,72431,15,2,Graduate,27714,537,18279,Yes,Yes,Tier-2,No
47,170832,24,3,Graduate,104374,642,68103,Yes,No,Tier-3,No
29,127614,5,2,Postgraduate,181441,733,46350,Yes,Yes,Tier-1,Yes
37,55353,16,2,Graduate,262010,542,7432,No,Yes,Tier-1,No
56,168262,29,3,Professional,94005,808,60630,Yes,Yes,Tier-1,Yes
50,93745,24,4,Graduate,105779,775,24064,Yes,Yes,Tier-2,No
55,242898,32,4,Graduate,243936,800,39463,Yes,No,Tier-2,Yes
46,241909,22,2,Graduate,260881,678,55884,Yes,Yes,Tier-3,No
39,30037,12,3,Graduate,388754,830,98951,Yes,No,Tier-2,No
59,49248,36,3,Postgraduate,270917,612,70008,Yes,Yes,Tier-2,Yes
57,99990,36,3,Postgraduate,177140,809,42428,Yes,Yes,Tier-3,Yes
29,54602,2,4,Graduate,121802,518,19469,Yes,No,Tier-1,No
45,127876,21,3,Graduate,259382,821,78151,Yes,No,Tier-3,Yes
56,38872,33,3,Professional,72960,718,50716,No,Yes,Tier-2,Yes
32,129448,11,4,Graduate,144241,747,78729,Yes,No,Tier-2,Yes
44,204809,21,1,Professional,0,636,93115,No,Yes,Tier-1,Yes
21,87349,0,2,Postgraduate,272777,808,26154,Yes,Yes,Tier-2,Yes
33,27988,10,2,Professional,237705,658,95899,No,No,Tier-2,No
43,154802,17,4,Professional,292445,680,44721,Yes,No,Tier-3,Yes
33,41375,7,2,Graduate,93812,584,73531,Yes,Yes,Tier-1,No
58,226632,34,2,Professional,223388,727,79911,Yes,No,Tier-2,Yes
36,55030,14,3,Graduate,257615,747,66930,No,Yes,Tier-3,Yes
29,65426,8,4,Professional,85110,754,35762,No,No,Tier-3,Yes
57,221198,31,2,Postgraduate,62359,565,23258,Yes,No,Tier-1,No
60,228014,35,2,Postgraduate,196942,796,29431,Yes,No,Tier-1,Yes
45,154132,22,4,Professional,200228,551,69695,Yes,No,Tier-1,Yes
22,112685,0,2,Graduate,28579,666,90091,Yes,No,Tier-2,No
49,148670,24,5,Postgraduate,128309,800,96436,No,Yes,Tier-3,Yes
33,98065,7,2,Graduate,240903,806,97909,Yes,Yes,Tier-3,Yes
32,221006,9,1,Graduate,268348,675,51874,Yes,No,Tier-1,No
33,74635,6,2,Graduate,255848,731,92807,Yes,No,Tier-3,No
26,195010,0,4,Graduate,123178,565,14420,Yes,No,Tier-2,No
54,107504,27,5,Professional,191902,656,46590,No,Yes,Tier-2,Yes
44,62097,20,4,Graduate,187672,661,73980,No,No,Tier-1,No
37,155017,15,4,Postgraduate,82165,536,4599,Yes,No,Tier-1,No
47,182064,22,5,Postgraduate,187344,657,86451,Yes,No,Tier-2,Yes
51,36394,24,1,Postgraduate,258333,540,8589,Yes,No,Tier-1,No
23,86351,0,4,Graduate,93930,617,70772,Yes,No,Tier-2,No
23,145332,0,3,Graduate,194544,803,61789,Yes,No,Tier-1,Yes
33,168908,7,1,Professional,152187,802,82893,Yes,No,Tier-3,Yes
57,211851,31,3,Postgraduate,0,500,29937,No,No,Tier-1,No
43,47789,22,5,Postgraduate,276294,850,73609,No,No,Tier-1,Yes
27,185232,6,1,Graduate,156126,738,47311,Yes,No,Tier-2,Yes
38,92857,13,3,Postgraduate,233587,616,40101,No,Yes,Tier-2,Yes
26,191001,5,4,Postgraduate,287925,820,52333,Yes,Yes,Tier-3,No
37,200902,10,2,Postgraduate,304714,597,89099,Yes,No,Tier-1,Yes
33,144247,7,5,Professional,1813,575,16066,Yes,No,Tier-1,No
60,148056,39,4,Postgraduate,0,843,86620,Yes,No,Tier-1,Yes
48,246325,27,5,Postgraduate,225111,637,12101,Yes,No,Tier-2,No
51,44215,24,1,Graduate,314384,795,99572,Yes,Yes,Tier-2,Yes
46,182320,25,3,Graduate,15797,835,43733,No,Yes,Tier-3,Yes
21,208534,0,2,Graduate,163176,813,50302,No,No,Tier-3,Yes
21,91634,0,3,Graduate,278882,678,86029,No,No,Tier-1,No
56,164334,29,2,Professional,228912,827,47643,Yes,No,Tier-2,Yes
21,26085,0,1,Graduate,297893,701,12913,No,No,Tier-1,No
44,147046,19,2,Graduate,221272,652,87476,Yes,No,Tier-1,No
23,79641,0,2,Graduate,207310,794,47702,Yes,Yes,Tier-3,Yes
38,78096,13,5,Professional,39928,631,42058,Yes,No,Tier-2,No
60,201871,37,1,Graduate,450996,825,49743,Yes,No,Tier-2,No
37,193376,11,3,Graduate,366823,582,23414,Yes,No,Tier-2,No
59,224268,33,1,Graduate,301117,545,54763,Yes,No,Tier-3,No
23,237338,0,1,Graduate,156393,699,85457,No,No,Tier-2,No
25,117024,2,1,Graduate,325900,670,88314,No,No,Tier-3,No
25,94253,2,1,Postgraduate,281104,645,96688,Yes,No,Tier-2,No
34,109946,7,2,Professional,245742,771,99138,Yes,No,Tier-3,Yes
56,224741,32,2,Postgraduate,123357,845,74264,No,No,Tier-2,Yes
56,25972,32,3,Professional,203020,502,90759,Yes,No,Tier-1,No
53,55268,28,5,Graduate,345217,802,15432,Yes,No,Tier-1,No
25,66616,0,1,Professional,90338,736,22143,Yes,Yes,Tier-1,Yes
27,27205,4,4,Graduate,0,708,9188,Yes,Yes,Tier-3,No
49,208827,25,2,Postgraduate,192398,642,38343,Yes,Yes,Tier-3,Yes
52,220336,26,5,Graduate,0,838,2925,Yes,No,Tier-1,Yes
58,59187,34,4,Graduate,254767,675,34160,Yes,Yes,Tier-1,No
35,81902,8,2,Postgraduate,223078,642,10800,No,No,Tier-2,No
44,90781,17,5,Graduate,203260,701,14501,Yes,Yes,Tier-2,No
34,217077,12,5,Postgraduate,0,645,32773,No,No,Tier-1,Yes
35,134119,14,4,Professional,140418,685,99958,Yes,No,Tier-1,Yes
41,171821,14,5,Graduate,76607,577,3403,Yes,No,Tier-3,No
25,77485,0,3,Graduate,357516,692,67254,Yes,Yes,Tier-1,Yes
54,196481,29,4,Graduate,0,652,80062,Yes,No,Tier-2,No
24,157974,0,1,Postgraduate,235714,724,70056,No,No,Tier-1,Yes
58,204444,35,3,Graduate,287456,701,39429,Yes,Yes,Tier-3,Yes
56,242443,30,3,Postgraduate,0,713,21396,No,No,Tier-3,Yes
35,179339,14,3,Postgraduate,188117,740,14822,No,No,Tier-1,Yes
54,52281,32,4,Professional,273956,787,24537,Yes,No,Tier-3,Yes
24,108017,0,1,Postgraduate,0,763,47975,Yes,No,Tier-3,Yes
55,148152,33,5,Graduate,98741,565,7888,Yes,No,Tier-2,No
41,241493,18,4,Graduate,172348,567,19986,No,Yes,Tier-1,No
27,194559,2,5,Graduate,225233,532,17817,Yes,No,Tier-1,No
52,244983,26,2,Postgraduate,239688,535,7207,No,Yes,Tier-3,Yes
28,42875,2,4,Graduate,24485,822,27489,Yes,No,Tier-1,Yes
46,147580,21,3,Graduate,168346,632,18959,No,Yes,Tier-3,No
55,123329,28,5,Graduate,20346,612,26453,Yes,Yes,Tier-2,No
54,65533,29,4,Graduate,159123,824,50073,Yes,Yes,Tier-1,Yes
31,168043,9,1,Postgraduate,269940,635,14685,No,No,Tier-2,No
52,104946,30,3,Postgraduate,254803,688,51515,Yes,No,Tier-1,No
37,149939,11,2,Graduate,170248,669,12224,Yes,No,Tier-2,No
37,63624,10,5,Professional,61491,658,67671,Yes,Yes,Tier-1,Yes
39,230004,16,4,Professional,0,663,86291,Yes,Yes,Tier-3,Yes
36,201442,11,4,Postgraduate,7219,524,68988,Yes,No,Tier-1,Yes
36,218958,9,5,Postgraduate,183931,766,73445,No,No,Tier-3,Yes
56,225278,30,4,Graduate,0,658,86764,Yes,No,Tier-2,No
23,174080,2,4,Professional,287139,653,97373,Yes,No,Tier-1,Yes
46,140475,21,4,Professional,163609,834,78377,Yes,Yes,Tier-1,Yes
49,89927,26,3,Postgraduate,0,731,26583,Yes,No,Tier-2,No
25,137692,0,3,Postgraduate,273266,788,90590,Yes,Yes,Tier-3,Yes
37,181778,10,4,Graduate,0,724,82225,Yes,No,Tier-3,Yes
56,52182,31,4,Postgraduate,159488,835,61454,Yes,Yes,Tier-1,Yes
50,111290,24,2,Graduate,237941,772,49259,Yes,No,Tier-1,No
54,48390,29,3,Graduate,66465,788,23037,Yes,No,Tier-3,No
29,53087,8,5,Postgraduate,279046,562,73310,No,No,Tier-1,No
47,223296,23,1,Professional,283259,739,50865,Yes,Yes,Tier-1,Yes
55,237078,29,3,Graduate,270706,588,53095,Yes,No,Tier-2,No
56,223354,34,1,Postgraduate,43313,601,81864,Yes,Yes,Tier-1,Yes
53,106238,32,2,Postgraduate,53134,667,22249,Yes,Yes,Tier-1,No
59,112750,37,3,Postgraduate,143056,692,61893,Yes,No,Tier-1,No
53,172563,26,2,Postgraduate,0,791,12040,Yes,No,Tier-3,Yes
26,50412,0,3,Graduate,468691,528,55986,Yes,No,Tier-2,Yes
53,92986,28,2,Postgraduate,175849,783,34632,Yes,No,Tier-3,Yes
32,225341,7,5,Graduate,130092,683,57452,Yes,No,Tier-3,No
30,180743,9,5,Graduate,107756,757,13850,No,No,Tier-1,No
35,233153,12,3,Graduate,118738,634,96080,Yes,No,Tier-1,No
23,34102,0,1,Graduate,288712,805,43420,Yes,No,Tier-1,Yes
24,179531,2,1,Graduate,78477,729,58278,Yes,No,Tier-1,Yes
48,176479,27,4,Postgraduate,356683,547,40526,Yes,No,Tier-1,Yes
22,128578,0,1,Postgraduate,235926,761,79222,Yes,No,Tier-1,Yes
24,140475,0,1,Graduate,307481,771,88390,No,No,Tier-1,Yes
30,166749,9,2,Professional,0,847,93450,Yes,No,Tier-1,Yes
22,168111,0,1,Graduate,249106,630,90520,Yes,No,Tier-2,No
28,210582,1,5,Graduate,159033,808,3772,No,No,Tier-2,No
50,120881,29,5,Postgraduate,189488,766,25368,No,Yes,Tier-1,Yes
32,131378,11,4,Graduate,0,716,80254,Yes,No,Tier-1,Yes
23,56028,1,3,Postgraduate,84882,774,47179,Yes,Yes,Tier-2,Yes
57,243826,35,4,Postgraduate,0,762,33351,Yes,No,Tier-1,No
48,132904,23,1,Postgraduate,145220,701,89104,No,No,Tier-1,Yes
27,70099,2,5,Graduate,316515,762,7560,Yes,Yes,Tier-2,No
47,65397,22,5,Graduate,187301,831,49367,Yes,Yes,Tier-2,Yes
26,140428,4,1,Professional,162960,714,11635,Yes,No,Tier-1,No
22,108682,0,1,Graduate,1723,734,44987,Yes,No,Tier-2,No
30,83642,8,5,Graduate,379075,811,53127,Yes,No,Tier-2,No
58,223824,33,2,Graduate,369197,701,84098,Yes,Yes,Tier-3,Yes
55,170316,31,5,Postgraduate,200093,847,85301,Yes,No,Tier-2,Yes
